Categoria,Nombre de la Línea,Tipo de Línea,Necesidades,SKU,Código EAN,Producto,Descripción Corta,Indicación,Modo de uso,INCI,Activos,Beneficios,Generales,Presentación,Ancho (mm),Prof (mm),Altura (mm),Peso (g)
Dermocosmética,Acneiqué ,Piel Oleosa,Hidratación,1600101,7798182770042,Acneiqué ,Crema-Gel para pieles con tendencia al acné. Seborreguladora. Antioxidante,Acneique es una crema gel seborreguladora e hidratante especialmente formulada para pieles oleosas y/o con tendencia al acné. Contiene activos con popiedades antisépticas y antienrrojecimiento.  Regula el exceso de sebo. ,"Aplicar Acneiqué Crema gel  sobre la piel limpia y seca del rostro, cuello y escote. Se recomienda utilizar Acneique Gel limpiador o Acneique H2O agua micelar para complementar el tratamiento. Aplicar una o varias veces al día de acuerdo a la necesidad.","WATER, CETEARYL ALCOHOL AND CETEARETH 20, NICOTINAMIDE, GLYCERIN, PROPYLENE GLYCOL, ALCOHOL, CAPRYLIC/CAPRIC TRIGLYCERIDE, GLYCERYL STEARATE, DIMETHICONE, PHENOXYETHANOL, PROPYLENE GLYCOL (AND) ETHYLHEXYLGLYCERIN (AND) OCTENIDINE HCL, HAMAMELIS VIRGINIANA WATER, CHAMOMILLA RECUTITA FLOWER EXTRACT, EPILOBIUM FLEISCHERI EXTRACT, VITIS VINIFERA (GRAPE) FRUIT EXTRACT, TRIETHANOLAMINE, CARBOMER,
SALICYLIC ACID, TETRASODIUM EDTA, MENTHYL LACTATE, PARFUM.","Niacinamida 4% 
ALPAFLOR® ALP® - SEBUM 
Ácido Salicílico
Hamamelis
Chamomilla
Polifenoles de UVA","Su exclusiva fórmula contiene una asociación sinérgica de activos: Ácido salicílico que con su acción queratolítica favorece la renovación celular. ALPAFLOR® ALP®-SEBUM, activo natural proveniente de los alpes suizos, que contribuye a seborregular, matificar y suavizar la piel oleosa. Es un inhibidor de la 5 alfa reductasa, enzima clave en la producción de sebo que inhibe marcadores inflamatorios. Disminuye la producción del cutibacterium acnés mejorando el microbioma natural cutáneo. La Niacinamida o Vitamina B3, regula el exceso de sebo, reduce el brillo y minimiza la apariencia de los poros. Contiene además activos descongestivos que ayudan a reducir rojeces y/o disconfort como la Chamomilla y el Hamamelis. Posee un alto efecto antioxidante gracias a nuestros exclusivos Polifenoles de UVA.","Hipoalergénica 
Sin Parabenos
No comedogénico
Clínica y dermatológicamente testeado
Cruelty Free",Pomo x 40 gr,40,40,112,58
Dermocosmética,Acneiqué ,Piel Oleosa,Hidratación,1600103,7798182770325,Acneiqué Mat,Crema-Gel matificante para pieles con tendencia al acné. Seborreguladora e hidratante,"Acneiqué Mat crema-gel es matificante, seborreguladora e hidratante. Cuidado diario ideal para pieles oleosas y/o con tendencia al acné. Tiene un efecto mate, anti-brillo, minimiza el tamaño de los poros e hidrata 24 hs.",Aplicar Acneiqué Mat sobre la piel limpia y seca. Se recomienda utilizar Acneique Gel limpiador o Acneique H2O agua micelar para complementar el tratamiento. Aplicar una o varias veces al día de acuerdo a la necesidad.,"Water, Propanediol (And) Aqua (And) Alcohol (And) Iris Florentina Root Extract (And) Zinc Sulfate (And) Retinyl Palmitate, Alcohol, Dicaprylyl Carbonate, Aqua/ Caprylyl Glycol/ Chondrus Crispus Extract/ Ethylhexylglycerin/Glucose/Phenoxyethanol/ Xanthan Gum, Glycerin, Polyacrylate 13 & Polyisobutene & Polysorbate 20, Synthetic Fluorphlogopite, Cyclopentasiloxane, Dimethicone/Vinyl Dimethicone Crosspolymer (And) Silica, Cetearyl Alcohol And Ceteareth 20, Phenoxyethanol, Xylitylglucoside, Anhydroxylitol, Xylitol, Triethanolamine, Salicylic Acid, Acrylates/C10-30 Alkyl Acrylate Crosspolymer, Ethylhexylglycerin, Vitis Vinifera (Grape) Fruit Extract, Parfum, Sodium Hyaluronate.","Ácido Hialurónico
Polifenoles de UVA
Zinc Iris Retinol
Lipomoist™ ","Su exclusiva fórmula contiene Zinc que actúa como antiséptico, extractode Iris como seborregulador y retinol para favorecer la renovación celular. Además, tiene una asociación de activos hidratantes; lipomoistTM y ácido hialurónico que garantizan una hidratación duradera. Posee un alto efecto antioxidante gracias a nuestros exclusivos Polifenoles de UVA.","Hipoalergénica 
Sin Parabenos
No comedogénico
Clínica y dermatológicamente testeado
Cruelty Free",Pomo x 40 gr,40,30,145,60
Dermocosmética,Acneiqué ,Piel Oleosa,Limpieza,1600104,7798182770332,Acneiqué Gel,"Gel Limpiador para pieles
con tendencia al acné.
Seborregulador y Purificante",Acneique Gel es un limpiador suave diario para el rostro. Indicado para pieles oleosas y/o con tendencia al acné. Elimina las impurezas y el exceso de sebo. Deja la piel limpia y fresca con un efecto mate.,Aplicar en el rostro por la mañana y/o noche con la piel húmeda y con suaves masajes. Enjuagar con abundante agua. No aplicar en los ojos.,"WATER, HYDROXYETHYLCELLULOSE, DISODIUM EDTA, PROPYLENE GLYCOL, CI 42051, VITIS VINIFERA (GRAPE) FRUIT EXTRACT, LACTIC ACID, PROPANEDIOL (AND) AQUA (AND) ALCOHOL (AND) IRIS FLORENTINA ROOT EXTRACT (AND) ZINC SULFATE (AND) RETINYL PALMITATE; PEG-7, GLYCERYL COCOATE, PHENOXYETHANOL, ETHYLHEXYLGLYCERIN, DISODIUM COCOYL GLUTAMATE, COCAMIDOPROPYL BETAINE, LAURYL METHYL GLUCETH-10 HYDROXYPROPYLDIMONIUM CHLORIDE, PARFUM.","Zinc Iris Retinol
Polifenoles de UVA","Contiene Zinc como antiséptico, extracto de iris como seborregulador y retinol para favorecer la renovación celular. Posee un alto efecto  antioxidante gracias a nuestros exclusivos Polifenoles de UVA.","Hipoalergénica 
Sin Parabenos
No comedogénico
Clínica y dermatológicamente testeado
Cruelty Free",Pomo x 200 gr,80,50,185,225
Dermocosmética,Acneiqué ,Piel Oleosa,Limpieza,1600106,7798182770851,Acneiqué H20 ,"Solución Micelar para pieles mixtas a grasas. Limpia, desmaquilla y matifica","Solución micelar limpiadora y desmaquillante de rostro y ojos para pieles oleosas y/o con tendencia al acné. Limpia, desmaquilla y seborregula. Piel fresca y matificada al instante.","Aplicar con un algodón humedecido sobre todo el rostro. Limpie y/o desmaquille la cara y los ojos con suavidad. Repetir la aplicación hasta que el algodón salga limpio y secar la cara suavemente sin frotar, con una toalla limpia.","WATER, PEG-6 CAPRYLIC/CAPRIC GLYCERIDES, PROPYLENE GLYCOL, SODIUM CHLORIDE, POLYAMINOPROPYL BIGUANIDE, TETRASODIUM EDTA, MANNITOL, XYLITOL, PROPANEDIOL (AND) AQUA (AND) ALCOHOL (AND) IRIS FLORENTINA ROOT EXTRACT (AND) ZINC SULFATE (AND) RETINYL PALMITATE, CETRIMONIUM BROMIDE, ETHYLHEXYLGLYCERIN, ZINC GLUCONATE, VITIS VINIFERA (GRAPE) FRUIT EXTRACT, LACTIC ACID, PARFUM, CI 42051","Zinc Iris Retinol
Manitol y Xilitol
Acido Láctico
Polifenoles de UVA","Los activos Manitol y Xilitol, son hidratantes y calmantes. Contiene Zinc como antiséptico, extracto de Iris como seborregulador y Retinol para favorecer la renovación celular. El ácido láctico contribuye en la mejora
de la textura de la piel. Posee un alto efecto antioxidante gracias a nuestros
exclusivos Polifenoles de uva.","Hipoalergénica 
Sin Parabenos
No comedogénico
Clínica, oftalmológica y dermatológicamente testeado
Cruelty Free","Envase x 245 ml
",60,55,145,276
Dermocosmética,Acneiqué ,Piel Oleosa,Probioticos,1698601,7795345122748,Probiac comprimidos 30+30,Suplemento dietario a base de Probióticos y Vitaminas,Coadyuvante en el tratamiento del acné. Ayuda a mejorar el acné en todas sus fases.,"Tomar 1 comprimido de Vitaminas, Zinc y Cobre (comprimido verde) y 1 comprimido de probióticos al dia (comprimido blanco).","Vitaminas, Zinc y Cobre: Blisglicinato zinc, Blisglicinato cúprico, Nicotinamida, Palmitato de retinol, Clorhidrato de piridoxina, EST (INS 460i, 463, 464, 468), ANAH (INS 572, 553iii, 551), COL (INS 171, 133, 104, 129). Probióticos: Lactobacillus Acidophilus NCFM SD 5221, Bifidobacterium Lactis HN019 SD 5674, EST (INS 460i), ANAH (INS 551, 572).",,"Probióticos y Vitaminas que ayudan a modular la inflamacion sistemica que produce el acné y a controlar la hiperqueratinización, hipersecrecion y proliferación del acné","Libre de Gluten (Sin T.A.C.C), Lactosa y Azúcar",30+30 comprimidos recubiertos,,,,
Dermocosmética,Acneiqué ,Piel Oleosa,Limpieza,1600109,7798182771179,Acneiqué Gel,"Gel Limpiador para pieles
con tendencia al acné.
Seborregulador y Purificante",Acneique Gel es un limpiador suave diario para el rostro. Indicado para pieles oleosas y/o con tendencia al acné. Elimina las impurezas y el exceso de sebo. Deja la piel limpia y fresca con un efecto mate.,Aplicar en el rostro por la mañana y/o noche con la piel húmeda y con suaves masajes. Enjuagar con abundante agua. No aplicar en los ojos.,"WATER, HYDROXYETHYLCELLULOSE, DISODIUM EDTA, PROPYLENE GLYCOL, CI 42051, VITIS VINIFERA (GRAPE) FRUIT EXTRACT, LACTIC ACID, PROPANEDIOL (AND) AQUA (AND) ALCOHOL (AND) IRIS FLORENTINA ROOT EXTRACT (AND) ZINC SULFATE (AND) RETINYL PALMITATE; PEG-7, GLYCERYL COCOATE, PHENOXYETHANOL, ETHYLHEXYLGLYCERIN, DISODIUM COCOYL GLUTAMATE, COCAMIDOPROPYL BETAINE, LAURYL METHYL GLUCETH-10 HYDROXYPROPYLDIMONIUM CHLORIDE, PARFUM.","Zinc Iris Retinol
Polifenoles de UVA","Contiene Zinc como antiséptico, extracto de iris como seborregulador y retinol para favorecer la renovación celular. Posee un alto efecto  antioxidante gracias a nuestros exclusivos Polifenoles de UVA.","Hipoalergénica 
Sin Parabenos
No comedogénico
Clínica y dermatológicamente testeado
Cruelty Free",Botella x 450 gr,,,,
Dermocosmética,Acneiqué ,Piel Oleosa,Limpieza,1600107,7798182770950,Acneiqué Exfoliant,"Gel exfoliante 2 en 1 para pieles con tendencia al acné
","Acneiqué Exfoliant es un gel renovador 2 en 1. Gracias a sus microparticulas, elimina células muertas, impurezas y el exceso de sebo. ","Aplicar una a tres veces por semana sobre la piel húmeda del rostro con suaves masajes circulares. Reforzar en mentón, nariz y frente. Evitar contorno de ojos. Enjuagar con abundante agua","WATER, ORYZA SATIVA POWDER/ACTINIDIA CHINENSIS FRUIT EXTRACT/CITRUS LIMON FRUIT, EXTRACT/CITRUS GRANDIS FRUIT EXTRACT, PEG-6 CAPRYLIC/CAPRIC GLYCERIDES, POLYACRYLATE 13 &, POLYISOBUTENE & POLYSORBATE 20, CAPRYLHYDROXAMIC ACID (AND) PHENOXYETHANOL (AND), METHYLPROPANEDIOL, GLYCOL STERATE (GENERIC) AND SODIUM LAURETH SULFAT, PEG-7 GLYCERYL, COCOATE, SACCHARIDE ISOMERATE, VITIS VINIFERA (GRAPE) FRUIT EXTRACT, PARFUM, MANNITOL, XYLITOL
PROPYLENE GLYCOL, WATER/PROPYLENE GLYCOL/ALCOHOL/SODIUM PCA/ARGININE/LEPIDIUMMEYENII (MACA) ROOT EXTRACT/ZINGIBEROFFICINALE ROOT EXTRACT, PROPANEDIOL (AND) AQUA (AND) ALCOHOL (AND) IRIS FLORENTINA ROOT EXTRACT (AND) ZINC SULFATE (AND) RETINYL PALMITATE, DISODIUM EDTA 
ETHYLHEXYLGLYCERIN.","Pentavitin®
Zinc Iris Retinol
Novascrub™ Arroz
Polifenoles de Uva
","Acneique Exfoliant 2 en 1, contiene Novascrub™ Arroz: micropartículas de arroz impregnadas en una solución de alfa hidroxiácidos derivados del kiwi. Es un exfoliante inteligente de acción dos en uno; física y química. Es 100% natural y biodegradable y Respeta el PH fisiológico de la piel.
Además, posee Zinc como antiséptico, extracto de Iris como seborregulador y Retinol para potenciar la renovación celular. Pentavitin® garantiza una hidratación instantánea y profunda por 72 horas. 
Posee un alto efecto anti oxidante gracias a nuestros exclusivos Polifenoles de uva.
La piel lucirá piel suave, limpia y fresca con un efecto mate.
","Hipoalergénico
Testeado clínica y dermatológicamente
Sin parabenos
",Pomo x 70 gr,35,35,135,80
Dermocosmética,Acneiqué ,Piel Oleosa,Exfoliación,,,Acneiqué Sérum,Sérum anti-imperfecciones intensivo para pieles oleosas y/o con tendencia al acné                                                                                                                    ,"Acneiqué Sérum anti-imperfecciones intensivo, es un tratamiento para atenuar marcas, poros visibles y puntos blancos y negros. Seborregulador, peeling diario y antioxidante. Una fórmula que purifica y mejora la textura de la piel e hidrata.  Indicado para pieles oleosas y como coadyuvante en los tratamientos del acné. ","Aplicar sobre la piel limpia y seca del rostro, por la noche. Colocar 3 a 5 gotas sobre la piel realizando suaves masajes circulares con la yema de los dedos. Evitar el contacto con mucosas y el contorno de los ojos. Para potenciar el efecto, se recomienda complementar con Acneiqué Gel y/o Acneiqué Mat. Durante el tratamiento, es necesario el uso de protección solar FPS 50+ de día y evitar la exposición prolongada al sol. Comenzar su uso de forma alternada y progresiva.","WATER, DIPROPYLENE GLYCOL, NICOTINAMIDE, ALCOHOL, GLYCOLIC ACID, WATER/PROPYLENE GLYCOL/ALCOHOL/SODIUM PCA/ARGININE/LEPIDIUMMEYENII (MACA) ROOT EXTRACT/ZINGIBEROFFICINALE ROOT EXTRACT, POTASSIUM HYDROXIDE, SALICYLIC ACID, EPILOBIUM FLEISCHERI EXTRACT, POLYOXYL 40 HYDROGENATED CASTOR OIL, PHENOXYETHANOL, HYDROXYETHYLCELLULOSE, BISABOLOL, VITIS VINIFERA (GRAPE) FRUIT EXTRACT, PARFUM","Niacinamida 
Ácido Salicílico 
Ácido Glicólico
ALPAFLOR® ALP®-SEBUM
Bisabolol
Polifenoles de UVA
","Acneiqué Sérum es un sérum intensivo para pieles oleosas y/o con tendencia al acné. 
Su exclusiva fórmula contiene una asociación sinérgica de activos:
Niacinamida 5%, Vitamina B3 que mejora la función barrera de la piel, calma y protege, además de contribuir a seborregular y atenuar las manchas.  
Ácido Salicílico 1,5% y Ácido Glicólico 3.5% combinados para una acción queratolítica, que favorece la renovación celular, mejora la textura de la piel y atenúa las imperfecciones características como marcas, poros dilatados y puntos blancos y negros. 
ALPAFLOR® ALP®-SEBUM 1,5%, activo natural proveniente de los Alpes Suizos, que contribuye a seborregular, matificar y suavizar la piel oleosa. Es un inhibidor de la 5 alfa reductasa, enzima clave en la producción de sebo que inhibe marcadores inflamatorios. Disminuye la producción del cutibacterium acnés mejorando el microbioma natural cutáneo. 
Se suman a la fórmula Bisabolol, oligoelementos vitales para la piel y nuestros exclusivos polifenoles de UVA con alto efecto antioxidante. Su textura es fluida y de rápida absorción.
","Hipoalergénico
Testeado clínica y dermatológicamente

",Gotero x 30 ml ,,,,
Dermocosmética,Clarité,Pigmentación,Manchas,1600201,7798182770059,Clarité,Crema fluída blanqueadora y despigmentante. Antioxidante,Clarité es una crema fluída despigmentante que atenúa manchas y unifica el tono de la piel otorgándole luminosidad. Contiene activos hidratantes y antioxidantes. Cuidado diario ideal para pieles hiperpigmentadas y coadyuvante de tratamientos médicos.,"Aplicar Clarité sobre la piel limpia y seca del rostro, cuello y escote, indistintamente por la mañana y/o noche. Se recomienda utilizar el producto diariamente durante 60-90 días como mínimo para resultados visibles. Complementar con protección solar.","Water, Paraffinum Liquidum, Propylene Glycol, Glycerin, Caprylic/capric Triglyceride, Polyacrylate & Polyisobutene & Polysorbate 20, Mandelic Acid, Carbomer, Caprylhydroxamic Acid (and) Phenoxyethanol (and) Methylpropanediol, Cetearyl Alcohol, Sodium Ascorbate (and) Citrus Medica Limonum (Lemon) Fruit Extract (and) Polyvinylalcohol Crosspolymer (and) Propilenglycol, Vitis Vinifera (Grape) Fruit Extract, Sodium Hydroxide, Polysorbate 60, Tocopheryl Acetate, ButylHydroxytoluene, Tet rasodium Edta, Ethy l hexy lglycer i n, Hydrolyzed Collagen, Dimethy lmethox y Chromanyl Palmitate, Parfum.","Chromabright® 
Vitamina C y E
Colágeno
Polifenoles de UVA ","Su fórmula contiene activos innovadores, exclusivos y sinérgicos: Chromabright®, activo blanqueador que regula el proceso de pigmentación de la piel mediante la reducción de la actividad de la tirosinasa; una enzima clave que cataliza las dos primeras reacciones de la síntesis de melanina, responsable del color de la piel. Unifica visiblemente y de forma segura la piel al tiempo que retrasa el fotoenvejecimiento. No fotosensibilizante. Apto para usar todo el año. Posee además un alto efecto antioxidante gracias a nuestros exclusivos Polifenoles de UVA combinados con nanoesferas de Vitamina C y Vitamina E. Esta asociación potencia la acción despigmentante de Chromabright®. Su textura fluída y de rápida absorción aporta hidratación y luminosidad.","Hipoalergénica 
Sin Parabenos
Clínica y dermatológicamente testeado
Cruelty Free",Pomo x 30 ml,36,28,135,45
Dermocosmética,Clarité,Pigmentación,Manchas; Contorno de Ojos,1600202,7798182770806,Clarité Contorno de Ojos,Crema despigmentante para contorno de ojos. Atenúa bolsas y ojeras. Antioxidante,Clarité contorno de ojos es una crema despigmentante que atenúa manchas y unifica el tono de la piel otorgándole luminosidad. Reduce visiblemente bolsas y ojeras. Cuidado diario ideal para contorno de ojos hiperpigmentados y oscuros.,Aplicar Clarité contorno de ojos sobre la piel limpia y seca con suaves masajes ascendentes sobre el hueso periocular. Para alcanzar efectividad máxima aplicar dos veces al día (mañana y noche). Se recomienda utilizar el producto diariamente durante 60-90 días como mínimo para resultados visibles. Complementar con protección solar.,"Water, Hydrolyzed Collagen, Propylene Glycol, Glycerin, Carbomer, Caprylic/capric, Triglyceride, Paraffinum Liquidum, Polysorbate 60, Cetearyl Alcohol, Dimethylmethoxy Chromanyl Palmitate, Tocopheryl Acetate, Butyl Hydroxytoluene, Tetrasodium Edta, Sodium Hydroxide, Polyacrylate 13 & Polyisobutene & Polysorbate 20, Phenoxyethanol, Ethylhexylglycerin, Sodium Ascorbate (And) Citrus Medica Limonum (Lemon) Fruit Extract (And) Polyvinylalcohol Crosspolymer (And) Propilenglycol, Hydrolyzed Rice Bran Protein, glycine Soja (Soybean) Protein, Superoxide Dismutase, Vitis Vinifera (Grape) Fruit Extract.","Chromabright®
Regu® Age 3%
Polifenoles de UVA","Su fórmula contiene activos innovadores, exclusivos y sinérgicos: Chromabright® activo blanqueador que regula el proceso de pigmentación de la piel mediante la inhibición de la tirosinasa, una enzima clave que cataliza las dos primeras reacciones de la síntesis de melanina, responsable del color de la piel. Unifica visiblemente y de forma segura la piel al tiempo que retrasa el fotoenvejecimiento. No fotosensibilizante. Apto para usar todo el año. Regu® Age activo que combina péptidos de arroz y soja y SOD (súper oxido dismutasa). Mejora la microcirculación capilar para reducir bolsas y ojeras. Protege del estrés oxidativo a la vez que refuerza y protege la matriz de colágeno y elastina de la delicada y delgada piel del contorno de ojos. Posee además un alto efecto antioxidante gracias a nuestros exclusivos Polifenoles de UVA.","Hipoalergénica 
Sin Parabenos
Clínica y dermatológicamente testeado
Cruelty Free",Airless x 15 gr,35,28,115,40
Dermocosmética,Clarité,Pigmentación,Manchas,1600204,7798182771261,Clarité TX Sérum,"Sérum despigmentante intensivo
Antioxidante y protector celular
","Clarité Sérum despigmentante intensivo, es un tratamiento para ayudar a reducir las manchas y su reaparición. Indicado para hiperpigmentaciones de cualquier origen y manchas asociadas al fotoenvejecimiento. Promueve una piel radiante y un tono uniforme.","Aplicar sobre la piel limpia y seca del rostro, cuello y escote. Colocar 3 a 5 gotas una vez al día sobre la piel realizando suaves masajes circulares con la yema de los dedos. Evitar el contorno de ojos. Se recomienda utilizar el producto diariamente durante 60-90 días como mínimo. Para potenciar el efecto, se recomienda complementar con Clarité crema fluída y/o Renovateurs. Durante el tratamiento, es necesario el uso de protección solar FPS 50+ de día y evitar la exposición prolongada al sol.","Water, Nicotinamide,Tranexamic Acid, Laureth-4, Laureth-23,Phenoxyethanol,Sodium Acrylates Copolymer, (And) Lecithin, Simmondsia Chinensis (Jojoba) Seed Oil, Polyacrylate 13 & Polyisobutene & Polysorbate 20, Oxothiazolidine / Butylene Glicol / Sodium Benzoate, Bisabolol, Ethylhexylglycerin, Disodium Edta, Citric Acid, Vitis Vinifera (grape) Fruit Extract, Parfum ","Ácido tranexámico
Niacinamida
OTZ 10® ProTaurine 
Polifenoles de UVA","Clarité Sérum es una fórmula específica despigmentante. Ideal para manchas cutáneas propias de la edad o bien causadas por factores medioambientales o genéticos. Contiene ácido tranexámico al 3%, una molécula de referencia con alta eficacia para despigmentar y optimizar la acción de otros tratamientos para hiperpigmentación, sean dermocosméticos y/o médicos. Se potencia con Niacinamida 5% que hidrata, protege la barrera cutánea y unifica el tono. Además, posee OTZ 10®ProTaurine que es un poderoso antioxidante y protector celular frente a los daños provocados por especies reactivas de oxígeno (ROS) nitrógeno (RNS) y carbonilo (RCS) provenientes de la incidencia de los rayos UV, la polución, contaminación y luz azul. Es un activo inteligente, que luego de captar los radicales libres, se convierte en taurina; un poderoso activo antifatiga. Un shock de energía para la piel. 
Contiene, además nuestros exclusivos polifenoles de UVA.
Con el uso frecuente y correcto Clarité Sérum unifica el tono, reduce las manchas y su reaparición.
Su textura es fluida y de rápida absorción
","Hipoalergénica 
Sin Parabenos
Clínica y dermatológicamente testeado
Cruelty Free",Gotero x 30 ml ,,,,
Dermocosmética,Hydrafirm,Piel Normal a Sensible,Hidratación/ Anti-Edad,1600301,7798182770028,Hydrafirm AR,Sérum hidratante anti-age de día. Antioxidante,"Hydrafirm AR sérum de día es un hidratante y preventivo de las arrugas de expresión de textura ultra ligera, cuidado diario ideal para todo tipo de piel.","Aplicar Hydrafirm AR sérum de día sobre la piel limpia y seca del rostro, cuello y escote. Se recomienda utilizar combinado con Hydrafirm HA sérum, para potenciar el tratamiento hidratante.","Water, Nicotinamide,Tranexamic Acid, Laureth-4, Laureth-23,Phenoxyethanol,Sodium Acrylates Copolymer, (And) Lecithin, Simmondsia Chinensis (Jojoba) Seed Oil, Polyacrylate 13 & Polyisobutene & Polysorbate 20, Oxothiazolidine / Butylene Glicol / Sodium Benzoate, Bisabolol, Ethylhexylglycerin, Disodium Edta, Citric Acid, Vitis Vinifera (grape) Fruit Extract, Parfum ","Argireline®
Pentavitin®
Polifenoles de UVA","Su fórmula contiene activos sinérgicos e innovadores: Pentavitin®; un ingrediente 100% natural que garantiza una hidratación instantánea y profunda generando una reserva de humedad que dura hasta 72 horas. Argireline®, hexapéptido que previene y suaviza las arrugas y líneas de expresión causadas por la contracción muscular. Posee además un alto efecto antioxidante gracias a nuestros exclusivos Polifenoles de UVA. Su textura ligera permite una rápida absorción.","Hipoalergénica 
Sin Parabenos
Clínica y dermatológicamente testeado
Cruelty Free","Airless x 30 ml
",42,35,130,63
Dermocosmética,Hydrafirm,Piel Normal a Sensible,Hidratación/Anti-Edad,1600302,7798182770011,Hydrafirm PH,Crema ultra-hidratante anti-age de noche. Regula el FHN (Factor Natural de Hidratación). Previene arrugas. Antioxidante.,Hydrafirm PH crema de noche es un tratamiento ultrahidratante y preventivo de las arrugas y/o líneas de expresión. Cuidado diario de noche ideal para todo tipo de piel. ,"Aplicar Hydrafirm PH cream de noche sobre la piel limpia y seca del rostro, cuello y escote. Se recomienda utilizarlo combinado con Hydrafirm HA serúm, para potenciar el tratamiento hidratante. ","WATER, CAPRYLIC/CAPRIC TRIGLYCERIDE, CETEARYL ALCOHOL AND CETEARETH 20, GLYCERIN, UREA, PARAFFINUM LIQUIDUM, CETYL ALCOHOL, CYCLOPENTASILOXANE, LACTIC ACID, TOCOPHERYL ACETATE, SACCHARIDE ISOMERATE, CAPRYLHYDROXAMIC ACID (AND) PHENOXYETHANOL (AND) METHYLPROPANEDIOL , VITIS VINIFERA (GRAPE) FRUIT EXTRACT, SODIUM ASCORBATE (AND) CITRUS MEDICA LIMONUM (LEMON) FRUIT EXTRACT (AND) POLYVINYLALCOHOL CROSSPOLYMER (AND) PROPILENGLYCOL (AND) PHENOXYETHANOL/ETHYLHEXYLGLYCERYN (AND) WATER (AQUA), XANTHAN GUM, SODIUM HYDROXIDE, ETHYLHEXYLGLYCERIN, SODIUM HYALURONATE, PARFUM.","Pentavitin®
Urea
Ácido Hialurónico
Vitamina E
Polifenoles de UVA","Su fórmula contiene activos sinérgicos e innovadores. Pentavitin®: un ingrediente 100% natural que garantiza una hidratación instantánea y profunda generando una reserva de humedad que dura hasta 72 horas. Urea, componente natural de FHN (factor hidratante natural), realiza una suave exfoliación y es hidratante. Ácido Hialurónico potencia la acción hidratante. Posee además un alto efecto antioxidante gracias a la asociación de vitamina E y Polifenoles de UVA. ","Hipoalergénica 
Sin Parabenos
Clínica y dermatológicamente testeado
Cruelty Free",Pomo x 50 g,40,40,135,70
Dermocosmética,Hydrafirm,Piel Normal a Sensible,Hidratación/ Contorno de ojos,1600303,7798182770097,Hydrafirm CO,Crema hidratante y preventiva para contorno de ojos. Atenúa bolsas y ojeras. Antioxidante,Hydrafirm CO contorno de ojos es una crema hidratante y preventiva del envejecimiento cutáneo. Atenúa bolsas y ojeras. Cuidado diario para el contorno de ojos. ,Aplicar Hydrafirm CO contorno de ojos sobre la piel limpia y seca del contorno de ojos con suaves masakes ascendentes. Para alcanzar efectividad máxima aplicar dos veces al día (mañana y noche). ,"WATER, GLYCERIN, WATER (AND) ACETYL TETRAPEPTIDE-5, CETEARYL ALCOHOL AND CETEARETH 20, PROPYLENE GLYCOL, CAPRYLIC/CAPRIC TRIGLYCERIDE, PARAFFINUM LIQUIDUM, SACCHARIDE ISOMERATE
CAPRYLHYDROXAMIC ACID (AND) PHENOXYETHANOL (AND) METHYLPROPANEDIOL, VITIS VINIFERA (GRAPE) FRUIT EXTRACT, TOCOPHERYL ACETATE, CARBOMER, POLYSORBATE 60
ETHYLHEXYLGLYCERIN, TETRASODIUM EDTA, SODIUM HYDROXIDE
PARFUM. ","Eyeseryl®
Pentavitin®
Vitamina E
Polifenoles de UVA ",Su fórmula contiene activos sinérgicos e innovadores: Pentavitin®; un ingrediente 100% natural que garantiza una hidratación instantánea y profunda generando una reserva de humedad que dura hasta 72 horas. Eyeseryl®: un potente tetrapéptido con propiedades descongestivas. Reduce rápidamente la hinchazón y aumenta la elasticidad de la piel alrededor de los ojos. Aclara las ojeras. Posee además un alto efecto antioxidante gracias a la asociación de Vitamina E y Polifenoles de UVA. ,"Hipoalergénica 
Sin Parabenos
Clínica, orfalmológica y dermatológicamente testeado
Cruelty Free","Pomo cánula x 15 g
",40,23,125,28
Dermocosmética,Hydrafirm,Piel Normal a Sensible,Hidratación,1600304,7798182770103,Hydrafirm Rougeurs,Cuidado concentrado para pieles sensibles y/o rojeces localizadas.,Hydrafirm Rougeurs cuidado concentrado contribuye a calmar el discomfort de pieles sensibles y/o reactivas. Atenúa rojeces transitorias y/o permanentes y previene su aparición.,"Aplicar Hydrafirm Rougeurs sobre la piel limpia y seca del rostro, con especial atención en zonas con rojeces. Se recomienda el uso de protección solar durante el día.","WATER, CAPRYLIC/CAPRIC TRIGLYCERIDE, CETEARYL ALCOHOL AND CETEARETH 20, WATER (AQUA), PROPYLENE GLYCOL, ALCOHOL, SODIUM PCA, ARGININE, LEPIDIUMMEYENII (MACA) ROOT EXTRACT, ZINGIBEROFFICINALE ROOT EXTRACT, PROPYLENE GLYCOL, CETYL ALCOHOL, DIMETHICONE, AECULUS HIPPOCASTANUM SEED EXTRACT, GLYCYRRHIZA GLABRA, CHAMOMILLA RECUTITA FLOWER EXTRACT, HAMAMELIS VIRGINIANA WATER, ARNICA MONTANA (ARNICA FLOWER) EXTRACT, PARAFFINUM LIQUIDUM, CYCLOPENTASILOXANE, VITIS VINIFERA (GRAPE) FRUIT EXTRACT, ALCOHOL, CAPRYLHYDROXAMIC ACID (AND) PHENOXYETHANOL (AND) METHYLPROPANEDIOL, ETHYLHEXYLGLYCERIN, PARFUM, SODIUM HYDROXIDE, CI 47005, CI 42090.","Oligovita™
Chamomilla
Castaño de Indias
Hamamelis
Árnica
Regaliz
Polifenoles de UVA","Su fórmula contiene activos sinérgicos e innovadores: Oligovita™ aporta oligoelementos de origen vegetal; cuida y revitaliza piele apagadas y cansadas. Se suman Chamomilla, Castaño de Indias, Hamamelis, Árnica y Regaliz que aportan alivio y calma. Reduce las sensaciones de irritación y rubor. Atenúa rojeces transitorias y/o permanentes y previene su aparición. Contiene Polifenoles de UVA como antioxidante. Además, posee un ligero color verde, que ayuda a neutralizar ópticamente las rojeces. ","Hipoalergénica 
Sin Parabenos
Clínica y dermatológicamente testeado
Cruelty Free",Pomo cánula x 30 g,40,30,145,48
Dermocosmética,Hydrafirm,Piel Normal a Sensible,Limpieza,1600307,7798182770875,Hydrafirm H20,"Solución micelar limpiadora y desmaquillante de rostro y ojos para pieles normales y sensibles. Limpia, desmaquilla e hidrata.","Hydrafirm H20 ees una solución micelar limpiadora y desmaquillante de rostro y ojos para pieles normales y sensibles. Limpia, desmaquilla e hidrata. Piel fresca e hidratada al instante. ","Aplicar Hydrafirm H2O con un algodón humedecido sobre todo el rostro. Limpiar y/o desmaquillar la cara y los ojos con suavidad. Repetir la aplicación hasta que el algodón salga limpio y secar la cara suavemente sin frotar, con una toalla limpia. ","WÁTER, PEG-6 CAPRYLIC/CAPRIC GLYCERIDES, SACCHARIDE ISOMERATE, VITIS VINIFERA (GRAPE) FRUIT EXTRACT, MANNITOL, XYLITOL, WATER (AQUA), PROPYLENE GLYCOL, ALCOHOL, SODIUM PCA, ARGININE, LEPIDIUMMEYENII (MACA) ROOT EXTRACT AND ZINGIBEROFFICINALE ROOT EXTRACT. PROPYLENE GLYCOL, DISODIUM EDTA, CETRIMONIUM BROMIDE, PARFUM","Pentavitin®
Oligovita™
Manitol y Xilitol
Polifenoles de Uva
","Manitol y Xilitol son activos hidratantes y calmantes. Oligovita™ es un activo vegetal compuesto por L-Arginina, Maca y jengibre que proporciona oligoelementos vitales para la piel. Pentavitin® es un ingrediente 100 % natural que garantiza una hidratación instantánea y profunda generando una reserva de humedad por 72 horas; mejora la hidratación de las células epidérmicas y refuerza el efecto barrera de la piel. Posee un alto efecto anti oxidante gracias a nuestros exclusivos Polifenoles de UVA.","Hipoalergénica 
Sin Parabenos
Clínica, orfalmológica y dermatológicamente testeado
Cruelty Free",Envase x 245 ml,60,55,145,276
Dermocosmética,Hydrafirm,Piel Normal a Sensible,Hidratación,1600306,7798182770905,Hydrafirm UV,Emulsión hidratante y protectora de día. SPF 30+,"Hydrafirm UV es una emulsión para el rostro, ultra hidratante y preventiva del fotoenvejecimiento cutáneo. Contiene filtros de amplio espectro SPF30, que protegen la piel de los daños producidos por los rayos UVB/UVA. Además, contiene OTZ 10® ProTaurine poderoso antioxidante y protector celular frente a los daños provocados por radicales libres, luz azul e IR. Su textura es fluida y de rápida absorción con un acabado suave.","Aplicar Hydrafirm UV sobre la piel limpia y seca del rostro, cuello y escote. Colocar sobre la piel realizando suaves masajes circulares con la yema de los dedos evitando el contorno de ojos. Este
producto no es un protector solar.","WATER, METHYLENE BIS-BENZOTRIAZOLYL TETRAMETHYLBUTYLPHENOL (AND) AQUA (AND) DECYL GLUCOSIDE (AND) PROPYLENE GLYCOL (AND) XANTHAN GUM, OCTOCRYLENE, ISODECYL NEOPENTANOATE, CAPRYLIC/CAPRIC TRIGLYCERIDE, BIS-ETHYLHEXYLOXYPHENOL METHOXYPHENYL TRIAZINE, METHYL METHACRYLATE CROSS POLYMER, ALCOHOL, GLYCERIN, CETEARYL ALCOHOL AND CETEARETH 20, LAURETH-23, SORBITAN STEARATE, CETYL ALCOHOL, SACCHARIDE ISOMERATE, LAURETH-4, PHENOXYETHANOL, CARBOMER, XANTHAN GUM, OXOTHIAZOLIDINE / BUTYLENE GLICOL / SODIUM BENZOATE, VITIS VINIFERA (GRAPE) FRUIT EXTRACT, DISODIUM EDTA, ETHYLHEXYLGLYCERIN, BUTYL HYDROXYTOLUENE, SODIUM HYDROXIDE, SODIUM HYALURONATE, PARFUM","Pentavitin®
OTZ 10® ProTaurine
Acido Hialurónico
Polifenoles de UVA","Su fórmula contiene Ácido Hialurónico combinado con Pentavitin®; un ingrediente 100% natural que garantiza una hidratación instantánea y profunda generando una reserva de humedad que dura 72 horas. Contiene filtros de amplio espectro SPF30, que protegen la piel de los daños producidos por los rayos UVB/UVA. Además, posee OTZ 10® ProTaurine que es un poderoso antioxidante y protector celular frente a los daños provocados por especies reactivas de oxígeno (ROS) nitrógeno (RNS) y carbonilo (RCS) proveniente de la incidencia de los rayos UV, la polución, contaminación y luz azul.
Es un activo inteligente, que luego de captar los radicales libres, se convierte en taurina; un poderoso activo antifatiga. Un shock de energía para la piel. 
Posee un alto efecto antioxidante gracias a nuestros exclusivos Polifenoles de UVA.","Hipoalergénica 
Sin Parabenos
Clínica y dermatológicamente testeado
Cruelty Free",Airless x 30 gr,,,,
Dermocosmética,Hydrafirm,Piel Normal a Sensible,Hidratación,1600308,7798182770929,Hydrafirm HA,Sérum ultra hidratante. Protector del ADN Dérmico. Antioxidante,"Hydrafirm HA Sérum es un concentrado hidratante de textura ultra ligera, cuidado diario ideal para todo tipo de piel. Previene, protege y estimula los mecanismos naturales de reparación del ADN dérmico a la vez que genera una reserva de humedad de hasta 72 horas.","Aplicar Hydrafirm HA Sérum sobre la piel limpia y seca del rostro, cuello y escote. Colocar 3 a 5 gotas sobre la piel realizando suaves masajes circulares con la yema de los dedos. Para alcanzar efectividad máxima aplicar dos veces al día (mañana y noche). Se recomienda utilizar combinado con Hydrafirm AR, Hydrafirm UV y/o Hydrafirm PH para potenciar el tratamiento hidratante.","WATER, PROPYLENE GLYCOL, SACCHARIDE ISOMERATE, CAPRYLHYDROXAMIC ACID (AND) PHENOXYETHANOL (AND) METHYLPROPANEDIOL, POLYOXYL 40 HYDROGENATED CASTOR OIL,
HYDROXYETHYLCELLULOSE, VITIS VINIFERA (GRAPE) FRUIT EXTRACT, BUTYLENE GLYCOL / AQUA / ACETYL HEXAPEPTIDE-51 AMIDE, SODIUM HYALURONATE, ETHYLHEXYLGLYCERIN, PARFUM, DISODIUM EDTA, SODIUM HYDROXIDE.","Pentavitin®
Juveleven™
Ácido Hialurónico
Polifenoles de UVA","Su fórmula contiene activos sinérgicos e innovadores: Pentavitin®; un ingrediente 100% natural que garantiza una hidratación instantánea y profunda generando una reserva de humedad que dura hasta 72 horas, potenciado con Ácido Hialurónico de alto peso molecular que garantiza una hidratación prolongada. Juveleven™, hexapéptido que refuerza los mecanismos naturales de reparación y eliminación de errores en el ADN dérmico que ocurren a lo largo de los años, rejuveneciendo las células de la piel. Guardián de la integridad genómica. Posee además un alto efecto antioxidante gracias a nuestros exclusivos Polifenoles de UVA.","Hipoalergénica 
Sin Parabenos
Clínica y dermatológicamente testeado
Cruelty Free",Gotero x 30 ml ,,,,
Dermocosmética,Tenseur,Anti-Edad,Anti-Edad,1600409,7798182771148,Tenseur DMAE,"Concentrado anti-age efecto tensor, reafirma, ilumina e hidrata. Antioxidante.",Tenseur DMAE es un concentrado que favorece el incremento de la firmeza y elasticidad de la piel. Un shock tensor de 10 días de tratamiento para pieles con flaccidez y/o envejecimiento. ,"Golpear suavemente la cabeza de la ampolla, insertar el rompe ampollas plástico y partirla. 
Aplicar el contenido de la ampolla Tenseur DMAE sobre la piel limpia y seca del rostro, cuello y escote. Evitar el contorno de ojos. 
Aplicar una ampolla por día, durante 10 días consecutivos.  Para una máxima eficacia, se recomienda repetirlo 1 vez al mes al menos 3 meses. Se recomienda utilizar combinado con nuestra línea anti-age Tenseur.","WATER, DIMETHYLAMINOETHANOL TARTRATE, SILANETRIOL (AND) HYALURONIC ACID, PROPYLENE GLYCOL, PALMITOYL TRIPEPTIDE-5, PHENOXYETHANOL
VITIS VINIFERA (GRAPE) FRUIT EXTRACT, POLYOXYL 40 HYDROGENATED CASTOR OIL, HYDROXYETHYLCELLULOSE, DISODIUM EDTA, ETHYLHEXYLGLYCERIN, PARFUM, SODIUM CITRATE, CITRIC ACID.","DMAE 5%
Epidermosil 2%
Péptidos 
Polifenoles de UVA","Tenseur DMAE es un sérum anti-age que contiene DMAE (dimetilaminoetanol) 5%. Es un activo que favorece el aumento de la síntesis de colágeno y de glicosaminoglicanos dérmicos. Mejora la tonicidad y firmeza cutánea. 
Contiene Epidermosil® 2% que combina silicio orgánico con ácido hialurónico de bajo peso molecular. Rellena e hidrata 24hs.
Su fórmula se potencia con péptidos que estimulan la producción de colágeno y elastina dérmicos. 
Un shock tensor y reafirmante de la piel.
Posee un alto efecto antioxidante gracias a nuestros Polifenoles de UVA.
Su textura es muy ligera, y se absorbe rápidamente.  
La piel lucirá iluminada, revitalizada y rejuvenecida. 
","Hipoalergénico
Testeado clínica y dermatológicamente 
",10 Ampollas x 2 ml,,,,
Dermocosmética,Tenseur,Anti-Edad,Anti-Edad,1600403,7798182770349,Tenseur HA B5,Sérum concentrado Anti-Age. Rellena y repara arrugas. Ultra-hidratante. Antioxidante. ,Tenseur HA B5 Serúm Anti-Age es un super concentrado que rellena y repara arrugas y líneas de expresión. Cuidado diario ideal para todo tipo de pieles. Complejo hidratante y antioxidante. ,"Aplicar Tenseur HA B5 Serúm sobre la piel limpia y seca del rostro, cuello y escote. Colocar 3 a 5 gotas sobre la piel realizando suaves masajes circulares con la yema de los dedos.
Para alcanzar efectividad máxima aplicar dos veces al día (mañana y noche).
Se recomienda utilizar combinado con Tenseur HA B5 Lifting o Tenseur HA B5 Volumen para potenciar el tratamiento anti-edad.","WATER, PANTHENOL, SILANETRIOL (AND) HYALURONIC ACID, VITIS VINIFERA (GRAPE) FRUIT EXTRACT, SODIUM HYALURONATE, DISODIUM EDTA, XANTHAN GUM, PEG-7 GLYCERYL COCOATE, CAPRYLHYDROXAMIC ACID (AND) PHENOXYETHANOL (AND) METHYLPROPANEDIOL, ETHYLHEXYLGLYCERIN, PARFUM.","Epidermosil® 3%
Vitamina B5
Ácido Hialurónico 0,2%
 Polifenoles de UVA","Su fórmula combina altas concentraciones de Ácidos Hialurónicos de bajo y alto peso molecular. Epidermosil® 3% que combina Silicio Orgánico con Ácido Hialurónico de bajo peso molecular y potenciado con Ácido Hialurónico 0,2% de alto pesomolecular. Efecto lifting, rellena e hidrata 24 horas. Contiene además Vitamina B5 que repara la piel. Estimula la regeneración y la resistencia de la piel. Gracias a nuestros exclusivos Polifenoles de UVA posee un alto efecto antioxidante. Esta asociación brinda un efecto lifting inmediato y duradero. ","Hipoalergénica 
Sin Parabenos
Clínica y dermatológicamente testeado
Cruelty Free",Gotero x 30 ml ,64,39,100,60
Dermocosmética,Tenseur,Anti-Edad,Anti-Edad / Contorno de Ojos,1600404,7798182770370,Tenseur HA Contorno de ojos,Crema Anti-Age para contorno de ojos. Rellena y repara arrugas. Atenúa bolsas y ojeras. ,Tenseur HA Contorno de Ojos es una crema Anti-Age para el contorno de ojos. Cuidado diario ideal para todo tipo de piel. Rellena y repara arrugas y líneas de expresión de forma inmediata y duradera. Es hidratante y antioxidante. Atenúa bolsas y ojeras. ,Aplicar Tenseur HA Ojos sobre la piel limpia y seca del contorno de ojos con suaves masajes ascendentes. Para alcanzar efectividad máxima aplicar dos veces al día (mañana y noche).,"WATER, SILOXANETRIOL / ALGINATE / CAFFEINE / BUTYLENE GLYCOL / SODIUM METHYLPARABEN / PROPYLPARABEN / SORBIC ACID, CITRIC ACID, SODIUM HYALURONATE, CAPRYLHYDROXAMIC ACID (AND) PHENOXYETHANOL (AND) METHYLPROPANEDIOL, BUTYL HYDROXYTOLUENE,  C10-18 TRIGLYCERIDES, BUTYROSPERMUM PARKII (SHEA BUTTER), METHYL METHACRYLATE CROSS POLYMER, SODIUM ACRYLATES COPOLYMER (AND) LECITHIN
PSEUDOALTEROMONAS EXOPOLYSACCHARIDES, SILANETRIOL (AND) HYALURONIC ACID, VITIS VINIFERA (GRAPE) FRUIT EXTRACT, ETHYLHEXYLGLYCERIN.","Cafeisilane® 2%
Hyadisine® 1%
Epidermosil® 3%
Ácido Hialurónico 0,1%
Polifenoles de UVA","Su fórmula contiene activos innovadores, exclusivos y sinérgicos: Cafeisilane® 2% que estimula la microcirculación y atenúa bolsas y ojeras. Efecto anti-fatiga y anto-estrés. Hyadisine® 1% activo biotecnológico ""Hyaluronic like"" que brinda un efecto de relleno inmediato. Epidermosil® 3% que combina Silicio Orgánico con Ácido Hialurónico de bajo peso molecular potenciado con Ácido Hialurónico 0,1% de alto peso molecular. Esta asociación brinda un efecto lifting inmediato y duradero en arrugas periorbitales. Rellena, hidrata 24 horas y suaviza bolsas y ojeras. Posee además un alto efecto antioxidante gracias a nuestros exclusivos Polifenoles de UVA. Su mirada lucirá descansada e iluminada. ","Hipoalergénica 
Sin Parabenos
Clínica, orfalmológica y dermatológicamente testeado
Cruelty Free",Airless x 15 gr,35,28,115,40
Dermocosmética,Tenseur,Anti-Edad,Anti-Edad,1600405,7798182770356,Tenseur HA B5 Lifting,Crema gel Anti-Age. Rellena y repara arrugas. Efecto Inmediato. Hidratante. Antioxidante. ,Tenseur HA B5 Lifting crema gel anti-age rellena y repara arrugas. Cuidado diario ideal para pieles con primeras arrugas y deshidratadas. Rellena y repara arrugas y líneas de expresión de forma inmediata y duradera. Complejo hidratante y antioxidante. ,"Aplicar Tenseur HA B5 Lifting sobre la piel limpia y seca del rostro, cuello y escote; realizando suaves masajes circulares con la yema de los dedos. Para alcanzar efectividad máxima aplicar dos veces al día (mañana y noche).
Se recomienda utilizar combinado con Tenseur HA B5 Serúm para potenciar el tratamiento anti-edad.","WATER, PANTHENOL, VITIS VINIFERA (GRAPE) FRUIT EXTRACT, SODIUM HYALURONATE, DISODIUM EDTA, GLYCERIN, LAURETH-23, DICAPRYLYL CARBONATE, C10-18 TRIGLYCERIDES, CETYL ALCOHOL (AND) GLYCERYL STEARATE (AND) PEG-75 STEARATE (AND) CETETH-20 (AND) STEARETH-20, METHYL METHACRYLATE CROSS POLYMER, TITANIUM DIOXIDE, MICA, TIN OXIDE, ARGANIA SPINOSA KERNEL OIL, PRUNUS AMYGDALUS DULCIS (SWEET ALMOND) OIL, HELIANTHUS ANNUS (SUNFLOWER) SEED OIL, ZEA MAYS (CORN) OIL, BUTYL HYDROXYTOLUENE, CAPRYLHYDROXAMIC ACID (AND) PHENOXYETHANOL (AND) METHYLPROPANEDIOL , ISODODECANE, SODIUM ACRYLATES COPOLYMER (AND) LECITHIN, ETHYLHEXYLGLYCERIN, ALCOHOL, PSEUDOALTEROMONAS EXOPOLYSACCHARIDES, SILANETRIOL (AND) HYALURONIC ACID, PARFUM.","Hyadisine® 1%
Epidermosil® 3%
Ácido hialurónico 0,2%
Vitamina B5
 Polifenoles de UVA","Su fórmula contiene activos innovadores, exclusivos y sinérgicos: Hyadisine® 1%, activo biotecnológico ""Hyaluronic like"" que brinda un efecto de relleno inmediato. Epidermosil® 3% que combina Silicio Orgánico con Ácido Hialurónico de bajo peso molecular potenciado con Ácido Hialurónico 0,2% de alto peso molecular. Contiene además Vitamina B5 que repara y protege la piel. Estimula la regeneración y resistencia de la piel. Esta asociación brinda un efecto lifting inmediato y duradero. Rellena e hidrata 24 horas. Posee además un alto efecto antioxidante gracias a nuestros exclusivos Polifenoles de UVA. La piel lucirá alisada, revitalizada y rejuvenecida. ","Hipoalergénica 
Sin Parabenos
Clínica y dermatológicamente testeado
Cruelty Free",Airless x 30 gr,40,33,150,63
Dermocosmética,Tenseur,Anti-Edad,Anti-Edad,1600406,7798182770363,Tenseur HA B5 Volumen,Crema gel Anti-Age. Rellena y repara arrugas proundas. Redensifica y reafirma. Antioxidante. ,"Tenseur HA B5 Volumen crema anti-age rellena y repara arrugas profundas. Cuidado diario ideal para pieles maduras y envejecidas. Redefine los contornos del rostro aportando volumen, firmeza y nutrición. Es hidratante y antioxidante. ","Aplicar Tenseur HA B5 Volumen sobre la piel limpia y seca del rostro, cuello y escote, realizando suaves masajes circulares con la yema de los dedos. 
Para alcanzar efectividad máxima aplicar dos veces al día (mañana y noche).
Se recomienda utilizar combinado con Tenseur HA B5 Serúm para potenciar el tratamiento anti-edad.","WATER, SODIUM HYALURONATE, PROPYLENE GLYCOL, PANTHENOL, BUTYROSPERMUM PARKII (SHEA BUTTER), C10-18 TRIGLYCERIDES, DICAPRYLYL CARBONATE
ISODODECANE, TOCOPHERYL ACETATE, CETEARYL ALCOHOL AND CETEARETH 20, LAURETH-4
BUTYL HYDROXYTOLUENE, ARGANIA SPINOSA KERNEL OIL, PRUNUS AMYGDALUS DULCIS (SWEET ALMOND) OIL, HELIANTHUS ANNUS (SUNFLOWER) SEED OIL, ZEA MAYS (CORN) OIL, CAPRYLHYDROXAMIC ACID (AND) PHENOXYETHANOL (AND) METHYLPROPANEDIOL, SODIUM ACRYLATES COPOLYMER (AND) LECITHIN, GLYCERIN (AND) WATER (AQUA) (AND) BUTYLENE GLYCOL (AND) CARBOMER (AND) POLYSORBATE 20 (AND) PALMITOYL TRIPEPTIDE-1 (AND) PALMITOYL TETRAPEPTIDE-7, SILANETRIOL (AND) HYALURONIC ACID, VITIS VINIFERA (GRAPE) FRUIT EXTRACT, ETHYLHEXYLGLYCERIN, CITRIC ACID, PARFUM.","Matrixyl ® 3000 3% 
Epidermosil ® 3%
Ácido hialurónico 0,1%
Vitamina B5 
Polifenoles de UVA","Su fórmula contiene activos innovadores, exclusivos y sinérgicos: Matrixyl ® 3000 3% una combinación de péptidos que estimula la producción de colágeno, elastina y Ácido Hialurónico endógeno. Revierte el envejecimiento cronológico y retarda el fotoenvecimiento cutáneo. Redensifica y reafirma. Epidermosil® 3% que combina Silicio Orgánico con Ácido Hialurónico de bajo peso molecular potenciado con Ácido Hialurónico 0,1% de alto peso molecular. El dúo de Ácidos Hialurónicos rellena e hidrata 24 hroas. El Silicio Orgánico estimula la producción de colágeno, favorece la proliferación celular, tiene un efecto anti-estrés y anti-fatiga. Contiene además Vitamina B5 que repara y protege la piel. Estimula la regeneración y la resistencia de la piel. Gracias a nuestros exclusivos Polifenoles de UVA posee además un alto efecto antioxidante. Mejora el estado general de la piel. Aporta volumen, firmeza y redefine el contorno facial. ","Hipoalergénica 
Sin Parabenos
Clínica y dermatológicamente testeado
Cruelty Free",Airless x 30 gr,40,33,150,63
Dermocosmética,Filtres,Protección Solar,Protección Solar,1600502,7798182770233,Filtres Fluide 50+,Fotoprotector Fluído. Protección muy alta,"Fotoprotección diaria contra rayos UVB/UVA, para pieles extremadamente sensibles a la quemadura solar. ","Aplicar abundantemente 30 minutos antes de la exposición al sol. Reaplicar cada 2 horas y/o luego de la sudoración intensa, nadar o bañarse, secarse con toalla y durante la exposición al sol. Si la cantidad aplicada no es adecuada, el nivel de protección será significativamente reducido. Es necesaria la reaplicación del producto para mantener su efectividad.","WATER, METHYLENE BIS-BENZOTRIAZOLYL TETRAMETHYLBUTYLPHENOL (AND) AQUA (AND) DECYL GLUCOSIDE (AND) PROPYLENE GLYCOL (AND) XANTHAN GUM, OCTOCRYLENE, ETHYLHEXYL METHOXYCINNAMATE, BIS-ETHYLHEXYLOXYPHENOL METHOXYPHENYL TRIAZINE, C12-15 ALKYL BENZOATE, CYCLOPENTASILOXANE, POLYESTER-7 (AND) NEOPENTYL GLYCOL DIHEPTANOATE, DIMETHICONE, C14-22 ALCOHOLS (AND) C12-20 ALKYL GLUCOSIDE, WATER (AND) ETHANOL (AND) PHENOXYETHANOL (AND) PEG-40 HYDROGENATED CASTOR OIL (AND) CHLORPHENESIN (AND) PHENYL SALICYLATE (AND) FARNESOL (AND) CHLOROXYLENOL (AND) DIBROMOHEXAMIDINE ISETHIONATE (AND) METHYLISOTHIAZOLINONE, HYDROXYETHYL ACRYLATE/SODIUM ACRYLOYLDIMETHYL TAURATE COPOLYMER (AND) ISOHEXADECANE (AND) POLYSORBATE 60., TOCOPHERYL ACETATE, XYLITYLGLUCOSIDE, ANHYDROXYLITOL, XYLITOL, SODIUM COCOYL AMINO ACIDS - SARCOSINE - POTASSIUM ASPARTATE - MAGNESIUM ASPARTATE, CITRIC ACID.","Sepicalm™ S                                          Aquaxyl™                                          
Filtros UVA / UVB","Aquaxyl Hidratante ultifuncional. Sepicalm S calmante. Filtros UVA/UVB  garantiza una protección óptima. Previene el envejecimiento prematuro provocado por la acción de los rayos solares, protegiendo la piel del riesgo del daño celular. Textura ultraligera y de rápida absorción.  ","Hipoalergénica 
Sin Parabenos
Clínica y dermatológicamente testeado
Cruelty Free",Spray x 50 ml,50,40,130,87
Dermocosmética,Filtres,Protección Solar,Protección Solar,1600503,7798182770264,Filtres Fluide Color 50+,Fotoprotector Fluído. Protección muy alta,"Fotoprotección diaria contra rayos UVB/UVA, para pieles extremadamente sensibles a la quemadura solar. ","Agitar vigorosamente antes de usar. Aplicar generosamente sobre la piel limpia y seca, 30 minutos antes de la exposición al sol. Repetir la aplicación cada 2 horas durante la exposición al sol y renovarla luego del contacto con el agua y/o sudoración intensa, y después de secarse con toalla. Si la cantidad aplicada no es adecuada, el nivel de protección será significativamente reducido. Es necesaria la reaplicación del producto para mantener su efectividad.","WATER, XANTHAN GUM, DIETHYLAMINO HYDROXYBENZOYL HEXYL BENZOATE, ETHYLHEXYL METHOXYCINNAMATE, ETHYLHEXYL SALICYLATE, ETHYLHEXYL TRIAZONE, OCTOCRYLENE, PROPYLHEPTYL CAPRYLATE, CETEARYL ALCOHOL AND CETEARETH 20., C12-15 ALKYL  BENZOATE, BUTYL HYDROXYTOLUENE, TITANIUM DIOXIDE, CI 77492, CI 77491, CI 77499, TRIS-BIPHENYL TRIAZINE (AND) AQUA (AND) DECYL GLUCOSIDE (AND) BUTYLENE GLYCOL (AND) DISODIUM PHOSPHATE (AND) XANTHAN GUM, ISODECYL NEOPENTANOATE, ETHANOL (AND) PHENOXYETHANOL (AND) PEG-40 HYDROGENATED CASTOR OIL (AND) CHLORPHENESIN (AND) PHENYL SALICYLATE (AND) FARNESOL (AND) CHLOROXYLENOL (AND) DIBROMOHEXAMIDINE ISETHIONATE (AND) METHYLISOTHIAZOLINONE, TOCOPHERYL ACETATE, CYCLOPENTASILOXANE, METHYL METHACRYLATE CROSS POLYMER",Filtros UVA / UVB,"Filtros UVA/UVB  garantiza una protección óptima. Previene el envejecimiento prematuro provocado por la acción de los rayos solares, protegiendo la piel del riesgo del daño celular. Textura ultraligera y de rápida absorción, con color. ","Hipoalergénica 
Sin Parabenos
Clínica y dermatológicamente testeado
Cruelty Free",50 ml,50,40,130,87
Dermocosmética,Filtres,Protección Solar,Protección Solar,1600504,7798182770394,Filtres Fluide Toucher Sec 50+,Fotoprotector Toque Seco FPS 50+,"Fotoprotección diaria contra rayos UVB/UVA, para pieles extremadamente sensibles a la quemadura solar. Crema fluída, acabado mate y toque seco. Formula oil-free, controla y reduce la oleosidad de la piel. ","Aplicar abundantemente 30 minutos antes de la exposición al sol. Repetir la aplicación cada dos horas y/o luego del contacto con el agua o sudoración intensa, nadar o bañarse, secarse con toalla y durante la exposición al sol. Si la cantidad aplicada no es adecuada, el nivel de protección será significativamente reducido. Es necesaria la reaplicación del producto para mantener su efectividad.","WATER, XANTHAN GUM, DIETHYLAMINO HYDROXYBENZOYL HEXYL BENZOATE, ETHYLHEXYL METHOXYCINNAMATE, ETHYLHEXYL SALICYLATE, ETHYLHEXYL TRIAZONE, OCTOCRYLENE, PROPYLHEPTYL CAPRYLATE, CETEARYL ALCOHOL AND CETEARETH 20., C12-15 ALKYL BENZOATE, BUTYL HYDROXYTOLUENE, TITANIUM DIOXIDE, TRIS-BIPHENYL TRIAZINE (AND) AQUA (AND) DECYL GLUCOSIDE (AND) BUTYLENE GLYCOL (AND) DISODIUM PHOSPHATE (AND) XANTHAN GUM, ISODECYL NEOPENTANOATE, WATER (AND) ETHANOL (AND) PHENOXYETHANOL (AND) PEG-40 HYDROGENATED CASTOR OIL (AND) CHLORPHENESIN (AND) PHENYL SALICYLATE (AND) FARNESOL (AND) CHLOROXYLENOL (AND) DIBROMOHEXAMIDINE ISETHIONATE (AND) METHYLISOTHIAZOLINONE, TOCOPHERYL ACETATE, CYCLOPENTASILOXANE, METHYL METHACRYLATE CROSS POLYMER.",Filtros UVB/UVA,Garantiza una protección óptima. Previene el envejecimiento prematuro de la piel y las manchas provocadas por la acción de los rayos solares. Textura ultra ligera y de rápida absorción. Acabado mate (anti-brillo),"Hipoalergénica 
Sin Parabenos
Clínica y dermatológicamente testeado
Cruelty Free",50 gr,50,40,130,87
Dermocosmética,Capillaire,Cuidado Capilar,Cuidado Capilar,1600606,7798182771100,Capillaire Max Champú Anticaída,Champú coadyuvante en el tratamiento de la caída del cabello,Fórmula que limpia y estimula el crecimiento y fortalece la fibra capilar,"Aplicar en el cuero cabelludo, masajear suavemente con la yema de los dedos. Dejar actuar unos minutos y enjuagar con abundante agua. Utilizar dos a tres veces por semana.","WATER, SODIUM LAURETH SULFATE, SODIUM LAURYL SULFATE, COCAMIDOPROPYL BETAINE, GLYCOL STERATE/SODIUM LAURETH SULFAT, AVENA SATIVA (OAT) KERNEL EXTRACT, HYDROLYZED SOY PROTEIN/HYDROLYZED CORN PROTEIN/HYDROLYZED WHEAT PROTEIN, URTICA DIOICA (NETTLE) EXTRACT, VITIS VINIFERA (GRAPE) FRUIT EXTRACT, POLYQUATERNIUM-7, PARFUM, DIAMINOPYRIMIDINE OXIDE, COCAMIDE DEA, UNDECYLENAMIDE DEA, BRONOPOL/2-METHYLISOTIAZOLINONE, SODIUM CITRATE, TOCOPHERYL ACETATE, TETRASODIUM EDTA, CITRIC ACID, LINALOL","Aminexil
Ortiga
Phytoqueratina
Vitamina E
Polifenoles de Uva","Su fórmula contiene Aminexil: Componente anti-caída. Promueve fibras fuertes y resistentes. El extracto de ortiga junto con la phytoqueratina, la vitamina E y los polifenoles de uva mejoran la microcirculación del cuero cabelludo y revitaliza la fibra del cabello, estimulando su crecimiento.","Hipoalergénica 
Sin Parabenos
Clínica y dermatológicamente testeado
Cruelty Free",190 ml,,,,
Dermocosmética,Capillaire,Cuidado Capilar,Cuidado Capilar,1600607,7798182771117,Capillaire Champú Caspa G,Champú coadyuvante en el tratamiento de la caspa. Seborregulador.,Fórmula que limpia y controla oleosidad y caspa,"Aplicar en el cuero cabelludo, masajear suavemente con la yema de los dedos. Dejar actuar unos minutos y enjuagar con abundante agua. Utilizar dos a tres veces por semana.","SODIUM LAURETH SULFATE, WATER, COCAMIDOPROPYL BETAINE, SALICYLIC ACID, PIROCTONE OLAMINE, PEG-120 METHYL GLUCOSE TRIOLEATE (AND) PROPYLENE GLYCOL (AND) WATER, POLYOXYL 40 HYDROGENATED CASTOR OIL, VITIS VINIFERA (GRAPE) FRUIT EXTRACT, UNDECYLENAMIDE DEA, PARFUM, TETRASODIUM EDTA, MELALEUCA ALTERNIFOLIA (TEA TREE) LEAF OIL, BRONOPOL (AND) 2-METHYLISOTIAZOLINONE ( AND )WATER, SODIUM HYDROXIDE, LINALOL","Piroctone Olamine
Tea Tree Oil
Ácido Salicílico
Polifenoles de Uva","Su fórmula contiene Piroctone Olamine: Componente anti-caspa. La asociación de ácido salicílico y tea tree oil seborregula, alivia la picazón y deja el cabello suave, hidratado y brillante. Además, contiene polifenoles de uva.","Hipoalergénica 
Sin Parabenos
Clínica y dermatológicamente testeado
Cruelty Free",190 ml,,,,
Dermocosmética,Capillaire,Cuidado Capilar,Cuidado Capilar,1600604,7798182770387,Capillaire Max Loción Anticaída,Spray sin enjuague. Coadyuvante en el tratamiento de la caída del cabello,"Fórmula que estimula el crecimiento del cabello, a la vez que restaura su estructura, aportando fuerza y resistencia a la fibra capilar.","Producto de uso diario. Aplicar en el cuero cabelludo una vez al día. Masajear suavemente con la yema de los dedos. No enjuagar. No deja película oleosa. Se recomienda el uso sobre cabello
húmedo, recién lavado. Complementar el tratamiento con Shampoo tratante CÉPAGE Champú Anticaída.","Diaminopyrimidine oxide, Arginine, Calcium pantothenate, PEG-40 hydrogenated castor oil, Citric acid, Alcohol, Fragance (D-limonene/Amyl-cinnamal/ Benzyl salicylate/ Hydroxiisohexyl 3-Cyclohexene carboxaldheyde), wáter.","Aminexil 2%
Pantotenato de Calcio
Arginina 1%","Aminexil 2%
Pantotenato de Calcio
Arginina 1%","Hipoalergénica 
Sin Parabenos
Clínica y dermatológicamente testeado
Cruelty Free",spray x 120ml,50,50,190,165
Dermocosmética,Capillaire,Cuidado Capilar,Cuidado Capilar,1600605,7798182770639,Capillaire Max Acide Aminé,Suplemento dietario en comprimidos recubiertos.  Fortalecedor y protector de cabello y uñas,Coadyuvante en el tratamiento de la caída del cabello y de las uñas frágiles y quebradizas. Mejora el aspecto general de la piel.,Tratamiento de 30 comprimidos. Tomar un comprimido recubierto por día.,"L-Cistina, zinc sulfato heptahidratado, pantotenato de calcio dextrógiro, biotina (vitamina B8), piridoxina clorhidrato (vitamina B6), EST INS 460i, ANAH almidón glicolato sódico, EST/HUM INS 1202, AGC INS 464, COL INS 171, ANAH INS 553iii, ANAH INS 470, HUM INS 1518, EST INS 1203, COL INS 104, EST Polietilenglicol, COL (Pigmento perlado con base de mica), COL INS 132, EST INS 433.","L-Cistina
Biotina
Zinc
Pantotenato de Calcio
Vitamina B6","Coadyuvante en el tratamiento de la caída del cabello y de las uñas frágiles y quebradizas. Mejora el aspecto general de la piel. 
L-CISTINA: Es el aminoácido más importante presente en el cabello y uñas. Activa los procesos de queratinización, fortaleciendo y protegiendo su crecimiento.
BIOTINA: Vitamina que mejora el crecimiento y aspecto del cabello, uñas y piel. 
ZINC: Mineral que promueve el crecimiento del cabello y restaura su salud. Tiene además un efecto antioxidante, ya que retarda los procesos de envejecimiento de la piel, cabello y uñas.
PANTONETATO DE CALCIO: Vitamina B5. Necesaria para la correcta utilización de los hidratos de carbono, las proteínas y lípidos, para lograr un cabello sano y fuerte. Protege, recupera y repara cabello y uñas dañadas.
VITAMINA B6: Vitamina hidrosoluble esencial para la síntesis de las proteínas, entre ellas, las del cabello, piel y uñas. Es necesaria para lograr la absorción del Zinc y la L-Cistina.",,30 comprimidos recubiertos,70,30,95,38
Dermocosmética,Répaphénol,Cuidado Corporal,Hidratación,1600705,7798182770721,Répaphénol Corps ,Crema corporal ultra hidratante. Nutre y protege.,"Crema reparadora ultra hidratante para el cuerpo. Indicada para pieles deshidratadas; secas y muy secas. Textura suave, emoliente y de rápida
absorción.",Aplicar una o dos veces al día con un ligero masaje sobre la piel limpia hasta su completa absorción.,"WATER, CAPRYLIC/CAPRIC TRIGLYCERIDE, GLYCERIN,
UREA, CETEARYL ALCOHOL AND CETEARETH 20., PARAFFINUM LIQUIDUM,
PROPYLENE GLYCOL, CYCLOPENTASILOXANE, LACTIC ACID, CETYL ALCOHOL, SIMMONDSIA CHINENSIS (JOJOBA) SEED OIL, TOCOPHERYL ACETATE, CAPRYLIC/CAPRIC TRIGLYCERIDE, CAPRYLHYDROXAMIC ACID (AND) PHENOXYETHANOL (AND) METHYLPROPANEDIOL, VITIS VINIFERA (GRAPE) FRUIT EXTRACT, PARFUM, SODIUM HYDROXIDE, XANTHAN GUM,
SACCHARIDE ISOMERATE, BUTYL HYDROXYTOLUENE, ETHYLHEXYLGLYCERIN, RETINYL PALMITATE, DISODIUM EDTA","Urea
Pentavitin®
Aceite de Jojoba
Vitaminas A y E
Polifenoles de UVA","Répaphénol Corps proporciona ultra hidratación de forma duradera, gracias a la acción hidratante de la Urea y su asociación con Pentavitin®; un ingrediente 100% natural que garantiza una hidratación instantánea y profunda generando una reserva de humedad que dura 72 horas. Su fórmula, además, aporta lípidos como el Aceite de Jojoba, que restauran y refuerzan el film hidrolipídico y protector de la piel, formando una barrera protectora y manteniéndola hidratada por más tiempo. Contiene Vitamina A y E que nutren y estimulan la producción de Colágeno, combinadas con nuestros exclusivos Polifenoles de UVA que poseen una acción antioxidante. El ácido láctico actúa como renovador celular y mejora la textura y superficie de la piel.","Hipoalergénica 
Sin Parabenos
Clínica y dermatológicamente testeado
Cruelty Free",Pomo x 200 g,80,50,185,248
Dermocosmética,Répaphénol,Cuidado Corporal,Hidratación,1600703,7798182770226,Répaphénol Pieds,"Gel hidratante y reparador. Pies secos, ásperos y agrietados.","Gel hidratante y reparador para pies secos con asperezas, rugosidades y engrosamiento de la piel.","Aplicar sobre la piel limpia y seca tantas veces como sea necesario. Insistir en las
zonas más afectadas.","WATER, CAPRYLIC/CAPRIC TRIGLYCERIDE, GLYCERIN, UREA,
CETEARYL ALCOHOL, CYCLOPENTASILOXANE, CETEARYL ALCOHOL AND CETEARETH 20.PROPYLENE GLYCOL, ALUMINUM STARCH OCTENYLSUCCINATE, BUTYROSPERMUM PARKII (SHEA BUTTER), ALCOHOL,
DIMETHICONE, CAPRYLHYDROXAMIC ACID (AND) PHENOXYETHANOL (AND) METHYLPROPANEDIOL, LAURETH-4, PANTHENOL, VITIS VINIFERA (GRAPE) FRUIT EXTRACT, ALLANTOIN, TOCOPHERYL ACETATE, MENTHOL, DISODIUM EDTA, CARBOMER, BUTYL HYDROXYTOLUENE, ETHYLHEXYLGLYCERIN,
PARFUM.","Urea
Vitamina B5 
Alantoína
Manteca de Karité
Polifenoles de UVA","Répaphénol Pieds es ideal para hidratar, nutrir y regenerar la piel seca de los pies, mejorando su aspecto y evitando que se formen grietas y durezas. La Vitamina B5 restaura eficazmente la función de barrera de la piel, estimulando la regeneración de los tejidos y mejorando así el índice de hidratación. Además es rica en Urea, Manteca de Karité y Alantoína, que poseen virtudes hidratantes, suavizantes y calmantes, previniendo que se reinstale la sequedad. El ácido hialurónico y el ácido láctico poseen un alto poder reparador, estimulando la regeneración de los tejidos, y ayudando a eliminar las rugosidades y engrosamientos de la piel de los pies y de los talones. Gracias a nuestros exclusivos Polifenoles de UVA y a la vitamina E contiene propiedades antioxidantes.","Hipoalergénica 
Sin Parabenos
Clínica y dermatológicamente testeado
Cruelty Free", Pomo x 70 g,50,40,150,95
Dermocosmética,Répaphénol,Cuidado Corporal,Hidratación,1600704,7798182770707,Répaphénol Mains,"Crema reparadora. Manos secas y maltratadas. Hidrata, nutre y protégé.","Crema reparadora e hidratante para
manos, incluso aquellas sometidas a agresiones diarias extremas. Hidrata, nutre y protege la piel. Textura suave y de rápida absorción.","Aplicar sobre la piel y masajear hasta su total absorción, tantas veces como sea necesario.","WATER, PROPYLENE GLYCOL, UREA, CARBOMER, CAPRYLIC/CAPRIC, TRIGLYCERIDE, BUTYROSPERMUM PARKII (SHEA BUTTER), CETEARYL ALCOHOL, DIMETHICONE, CETEARYL ALCOHOL AND CETEARETH 20., LAURETH-4, TOCOPHERYL ACETATE, BUTYL HYDROXYTOLUENE, CAPRYLHYDROXAMIC ACID (AND) PHENOXYETHANOL (AND) METHYLPROPANEDIOL, CYCLOPENTASILOXANE, SODIUM HYDROXIDE, ETHYLHEXYLGLYCERIN, VITIS VINIFERA (GRAPE) FRUIT EXTRACT, HYDROLYZED KERATIN, PARFUM.","Vitamina E
Urea
Manteca de Karité 
Polifenoles de UVA","Repara y nutre la piel maltratada de las manos expuestas a agresiones frecuentes. Fortalece la película hidrolipídica; refuerza su función biológica de barrera natural. La acción de la urea junto con la manteca de karité y la queratina, se sinergizan para brindar ultra hidratación y nutrición a la piel de las manos. Se suman propiedades antioxidantes y protectoras de la Vitamina E y los polifenoles de UVA, que proporcionan una combinación perfecta para la prevención del envejecimiento, el bienestar y la belleza. ","Hipoalergénica 
Sin Parabenos
Clínica y dermatológicamente testeado
Cruelty Free",Pomo x 50 g,125,48,128,73
Dermocosmética,Répaphénol,Cuidado Corporal,Hidratación,1600707,7798182771186,Répaphénol Corps ,Crema corporal ultra hidratante. Nutre y protege.,"Crema reparadora ultra hidratante para el cuerpo. Indicada para pieles deshidratadas; secas y muy secas. Textura suave, emoliente y de rápida
absorción.",Aplicar una o dos veces al día con un ligero masaje sobre la piel limpia hasta su completa absorción.,"WATER, CAPRYLIC/CAPRIC TRIGLYCERIDE, GLYCERIN,
UREA, CETEARYL ALCOHOL AND CETEARETH 20., PARAFFINUM LIQUIDUM,
PROPYLENE GLYCOL, CYCLOPENTASILOXANE, LACTIC ACID, CETYL ALCOHOL, SIMMONDSIA CHINENSIS (JOJOBA) SEED OIL, TOCOPHERYL ACETATE, CAPRYLIC/CAPRIC TRIGLYCERIDE, CAPRYLHYDROXAMIC ACID (AND) PHENOXYETHANOL (AND) METHYLPROPANEDIOL, VITIS VINIFERA (GRAPE) FRUIT EXTRACT, PARFUM, SODIUM HYDROXIDE, XANTHAN GUM,
SACCHARIDE ISOMERATE, BUTYL HYDROXYTOLUENE, ETHYLHEXYLGLYCERIN, RETINYL PALMITATE, DISODIUM EDTA","Urea
Pentavitin®
Aceite de Jojoba
Vitaminas A y E
Polifenoles de UVA","Répaphénol Corps proporciona ultra hidratación de forma duradera, gracias a la acción hidratante de la Urea y su asociación con Pentavitin®; un ingrediente 100% natural que garantiza una hidratación instantánea y profunda generando una reserva de humedad que dura 72 horas. Su fórmula, además, aporta lípidos como el Aceite de Jojoba, que restauran y refuerzan el film hidrolipídico y protector de la piel, formando una barrera protectora y manteniéndola hidratada por más tiempo. Contiene Vitamina A y E que nutren y estimulan la producción de Colágeno, combinadas con nuestros exclusivos Polifenoles de UVA que poseen una acción antioxidante. El ácido láctico actúa como renovador celular y mejora la textura y superficie de la piel.","Hipoalergénica 
Sin Parabenos
Clínica y dermatológicamente testeado
Cruelty Free",Botella x 450 g,,,,
Dermocosmética,Atophén,Piel Seca e Intolerante,Hidratación,1600801,7798182770172,Atophén Lèvres,Bálsamo hidratante y reparador para labios secos y agrietados.,Atophén Lèvres es un bálsamo hidratante y reparador para labios secos y agrietados.,Aplicar en los labios tantas veces como sea necesario.,"RICINUS COMMUNIS OIL, CERA ALBA, BUTYROSPERMUM PARKII, THEOBROMA CACAO BUTTER, COCOS NUCIFERA (COCONUT) OIL, MINERAL OIL, PARAFFIN, ISOPROPYL MYRISTATE, MINERAL OIL /  LANOLIN ALCOHOL, ETHYLHEXYL METHOXYCINNAMATE, CANDELILLA WAX, PARFUM, VITIS VINIFERA, LANOLIN, PHENYL TRIMETHICONE, CARNAUBA WAX, PROPYLPARABEN, TOCOPHERYL ACETATE, BHT","Manteca de Karité
Manteca de Cacao
Polifenoles de UVA","Atophén Lèvres está especialmente formulado con una asociación de Manteca de Karite, Manteca de Cacao y aceites vegetales que protegen y reparan labios dañados y secos. Su textura placentera se funde en los labios dejándolos humectados. Posee un alto efecto antioxidante gracias a nuestros Polifenoles de Uva. ",Hipoalergénico,Labial x 4 g,28,22,90,18
Dermocosmética,Atophén,Piel Seca e Intolerante,Limpieza,1600808,7798182771247,Atophén LN ,"Loción limpiadora. Limpia, desmaquilla y calma. Pieles intolerantes.","Limpia, calma, desmaquilla y suaviza las pieles intolerantes, sensibles y/o reactivas.","Aplicar con un algodón humedecido sobre todo el rostro. Limpiar y/o desmaquillar la cara y los ojos con suavidad. Repetir la aplicación hasta que el algodón salga limpio y secar la cara suavemente sin frotar, con una toalla limpia. Con o sin enjuague. No frotar.","Water, Propylene Glycol, Disodium Edta , Mannitol, Xylitol, Water (Aqua), Propylene Glycol, Alcohol, Sodium Pca, Arginine, Lepidiummeyenii (Maca) Root Extract, Zingiberofficinale Root Extract, henoxyethanol, Saccharide Isomerate Vitis Vinifera (Grape) Fruit Extract, Peg-6 Caprylic/Capric Glycerides, Glycol Sterate (Generic) And Sodium Laureth Sulfat, Ethylhexylglycerin,Peg-7 Glyceryl Cocoate, Polyacrylate 13 & Polyisobutene & Polysorbate 2.","Manitol y Xilitol
Oligovita
Pentavitin
Polifenoles de UVA","Atophen LN está especialmente formulada con una asociación sinérgica de activos limpiadores, hidratantes y calmantes para pieles intolerantes y sensibles. Manitol y Xilitol son activos hidratantes y calmantes. Oligovita™ es un activo vegetal compuesto por L-Arginina, Maca y jengibre que proporciona oligoelementos vitales para la piel. Pentavitin® es un ingrediente 100 % natural que garantiza una hidratación instantánea y profunda generando una reserva de humedad por 72 horas; mejora la hidratación de las células epidérmicas y refuerza el efecto barrera de la piel. Posee un alto efecto antioxidante gracias a nuestros exclusivos Polifenoles de UVA. Limpia suavemente, sin resecar y sin irritar la piel reactiva o alérgica. Proporciona una sensación de frescura y suavidad.","Hipoalergénica 
Sin fragancia
Sin Parabenos
Clínica y dermatológicamente testeado
Cruelty Free",Envase x 245 ml,60,55,145,265
Dermocosmética,Atophén,Piel Seca e Intolerante,Hidratación,1600803,7798182770295,Atophén Riche,"Crema  hidratante, nutritiva y reparadora. Calma, protege e hidrata. Pieles intolerantes.","Atophén Riche es una crema hidratante, nutritiva y reparadora de larga duración para pieles secas, intolerantes,  sensibles y/o reactivas. Alivia la tirantez, picor, enrojecimiento y resequedad. Protégé a la piel del daño producido por l luz azul y la polución.","Aplicar Atophén Riche sobre la piel limpia y seca  del rostro, cuello y escote. Colocar sobre la piel realizando suavesmasajes circulares con la yema de los dedos. Par alcanzar efectividad máxima aplicar 2 veces al día (mañana y noche), o tantas veces como sea necesario. ","WATER, CAPRYLIC/CAPRIC TRIGLYCERIDE, CETYL ALCOHOL (AND) GLYCERYL STEARATE (AND) PEG-75 STEARATE (AND) CETETH-20 (AND) STEARETH-20, NICOTINAMIDE, GLYCERIN, SIMMONDSIA CHINENSIS (JOJOBA) SEED OIL, DICAPRYLYL CARBONATE, AQUA/ CAPRYLYL GLYCOL/ CHONDRUS CRISPUS EXTRACT/ ETHYLHEXYLGLYCERIN/GLUCOSE /PHENOXYETHANOL / XANTHAN GUM, PANTHENOL, C10-18 TRIGLYCERIDES, VITIS VINIFERA (GRAPE) FRUIT EXTRACT, ARGANIA SPINOSA KERNEL OIL/PRUNUS AMYGDALUS DULCIS (SWEET ALMOND) OIL/HELIANTHUS ANNUS (SUNFLOWER) SEED OIL/ZEA MAYS (CORN) OIL., POLYACRYLATE 13 & POLYISOBUTENE & POLYSORBATE 20, PHENOXYETHANOL, TOCOPHERYL ACETATE, SODIUM HYALURONATE, ETHYLHEXYLGLYCERIN, DISODIUM EDTA , BUTYL HYDROXYTOLUENE.","Vitamina B3
Vitamina B5
Lipomoist™
Ácido Hialurónico 
Omega Max™
Polifenoles de UVA","Atophén Riche  está especialmente formulada con una asociación sinérgica de activos hidratantes, nutritivos y reparadores para pieles secas, sensibles e intolerantes. Vitamina B3 (Niacinamida); Protege a la piel del daño produicido por la luz azul y la polución urbana, reduciendo la sensibilidad de la misma. Unifica el tono de la piel y mejora su textura. Efecto anti-stress. Vitamina B5 (D Pantenol); Suaviza y calma la piel sensible e irritada y alivia picores, rojeces e inflamación. Repara la barrera cutanea y colabora en la cicatrización. Lipomoist™ es un film molecular que asegura ultrahidratación por 24 horas. Ácido Hialurónico molécula de referencia en hidratación y relleno de pequeñas líneas de expresión. Omega Max™ concentrado de óleos ricos en ácidos grasos esenciales, fuente de Omega 3, 6, 7, 9 y Vitamina E, asociado al Aceite de Jojoba relipidizan las pieles secas. Posee ademas un alto efecto antioxidante gracias a nuestros exclusivos Polifenoles de UVA. Con el uso regular la pie seca, sensible e intolerante estará protegida de agresiones internas y externas, hidratada y confortable.","Hipoalergénica 
Sin fragancia
Sin Parabenos
Clínica y dermatológicamente testeado
Cruelty Free",Pomo x 50g,46,40,141,72
Dermocosmética,Atophén,Piel Seca e Intolerante,Hidratación,1600806,7798182770844,Atophén Fluide,Emulsión fluida. Hidratante y reparadora. Calma protégé e hidrata.  Pieles intolerantes. ,"Atophén Fluide es una emulsión fluida especialmente formulada para pieles intolerantes, sensibles y/o reactivas. Calma la piel sensible e irritada aliviando picores e inflamación y la protege de la luz azul y la polución urbana. Reduce la sensibilidad y mejora el aspecto general de la piel.","Aplicar Atophén Fluide sobre la piel limpia y seca del rostro, cuello y escote. 
Colocar sobre la piel realizando suaves masajes circulares con la yema de los dedos. Para alcanzar efectividad máxima aplicar dos veces al día (mañana y noche).
","WATER, CAPRYLIC/CAPRIC TRIGLYCERIDE, DICAPRYLYL CARBONATE, NICOTINAMIDE, GLYCERIN, AQUA/ CAPRYLYL GLYCOL/ CHONDRUS CRISPUS EXTRACT/ETHYLHEXYLGLYCERIN/GLUCOSE/PHENOXYETHANOL/ XANTHAN GUM, PANTHENOL, SIMMONDSIA CHINENSIS (JOJOBA) SEED OIL, CETYL ALCOHOL (AND) GLYCERYL STEARATE (AND) PEG-75 STEARATE (AND) CETETH-20 (AND) STEARETH-20, VITIS VINIFERA (GRAPE) FRUIT EXTRACT, POLYACRYLATE 13 & POLYISOBUTENE & POLYSORBATE 20, PHENOXYETHANOL, C10-18 TRIGLYCERIDES, TOCOPHERYL ACETATE,
ARGANIA SPINOSA KERNEL OIL, PRUNUS AMYGDALUS DULCIS (SWEET ALMOND) OIL, HELIANTHUS ANNUS (SUNFLOWER) SEED OIL, ZEA MAYS (CORN) OIL. BUTYL HYDROXYTOLUENE, ETHYLHEXYLGLYCERIN, DISODIUM EDTA, SODIUM HYALURONATE
","Vitamina B3
Vitamina B5
Lipomoist™
Ácido Hialurónico 
Polifenoles de UVA
","Atophén Fluide está especialmente formulada con una asociación sinérgica de activos hidratantes, calmantes y reparadores para pieles sensibles e intolerantes. Vitamina B3 (Niacinamida); Protege a la piel de la luz azul y la polución urbana, reduciendo la sensibilidad de la misma. Unifica el tono de la piel y mejora su textura. Efecto Anti-stress. Vitamina B5 (D Pantenol); Suaviza y calma la piel sensible e irritada y alivia picores, rojeces e inflamación. Reparara la barrera cutánea y colabora en la cicatrización. Lipomoist™ es un film molecular que asegura ultra hidratación por 24 horas. Ácido Hialurónico molécula de referencia en hidratación y relleno de pequeñas líneas de expresión. Posee además, un alto efecto antioxidante gracias a nuestros exclusivos Polifenoles de UVA. Con el uso regular la piel sensible e intolerate estará protegida de agresiones internas y externas, hidratada y confortable.","Hipoalergénica 
Sin fragancia
Sin Parabenos
Clínica y dermatológicamente testeado
Cruelty Free",Pomo x 50g,46,40,141,72
Dermocosmética,Atophén,Piel Seca e Intolerante,Hidratación,1600804,7798182771285,Atophén Baumé,"Bálsamo ultra emoliente 
Hidrata, nutre y protege
Pieles secas y/o con tendencia atópica
","Atophén Baume es un Bálsamo extra rico especialmente formulado para pieles secas, muy secas y/o con tendencia atópica. Relipidiza, hidrata y calma. Alivia la tirantez, picor, enrojecimiento y resequedad. Ayuda a reparar y reforzar la barrera cutánea. ","Aplicar Atophén Baume sobre la piel limpia y seca del rostro y/o cuerpo. Para alcanzar efectividad máxima aplicar mínimo, dos veces al día.",": Water, Butyrospermum Parkii (Shea Butter), Glycerin, Niacinamide,  
Argania Spinosa Kernel Oil, Prunus Amygdalus Dulcis (Sweet Almond) Oil, Helianthus Annus (Sunflower) Seed Oil, Zea Mays (Corn) Oil, Panthenol, Simmondsia Chinensis (Jojoba) Seed Oil, Cetearyl Alcohol And Ceteareth 20, Glyceryl Stearate (And) Peg-100 Stearate, Polyacrylate 13 & Polyisobutene & Polysorbate 20, Glycyrrhiza Glabra, Phenoxyethanol, Laureth-4, Xanthan Gum, Bisabolol, Citric Acid, Disodium Edta Ethylhexylglycerin, Sodium Citrate, BHT","Manteca de Karité 
Bisabolol
Regaliz
Pantenol
",,"Hipoalergénico
 Sin parabenos- Sin fragancia
Testeado Clínica, Dermatológicamente y bajo control Pediátrico
",Pomo x 200g,,,,
Dermocosmética,Cicanol ,Piel Dañada,Piel Dañada,1600905,7798182771018,Cicanol Stries,Crema reafirmante Anti-Estrías. ,Cicanol Stries es una crema reafirmante y regeneradora. Controla y ayuda a prevenir las estrías rosadas. ,Aplicar Cicanol Stries dos veces al día con ligeros movimientos circulares sobre las zonas afectadas y a prevenir.,"WATER, DICAPRYLYL CARBONATE, PROPYLENE GLYCOL, BUTYROSPERMUM PARKII (SHEA BUTTER), CETEARYL ALCOHOL AND CETEARETH 20, CAPRYLIC/CAPRIC TRIGLYCERIDE, VITIS VINIFERA (GRAPE) FRUIT EXTRACT, POLYACRYLATE 13 & POLYISOBUTENE & POLYSORBATE 20, HYDROLYZED COLLAGEN, DIMETHICONE, CAPRYLHYDROXAMIC ACID (AND) PHENOXYETHANOL (AND) METHYLPROPANEDIOL, TOCOPHERYL ACETATE, LAURETH-4, PARFUM, ALLANTOIN, RETINYL PALMITATE, ETHYLHEXYLGLYCERIN, DISODIUM EDTA, BUTYL HYDROXYTOLUENE","Vitamina A 250.000 U.I.
Alantoína
Colágeno
Manteca de Karité
Vitamina E
Polifenoles de UVA","Cicanol Stries es una crema para la prevención y cuidado de estrias incipientes.Su formula contiene Vitamina A 250.000 U.I: favorece la correcta cicatrización. Promueve la elasticidad y suavidad de la piel. Estimula la renovación celular. Ademas, la asociación de Alantoína, Colágeno y Manteca de Karité regenera, hidrata y alivia la tirantez. Posee un alto efecto antioxidante gracias a la asociación de Vitamina E y Polifenoles de UVA. La piel se vuelve mas tersa y elástica, consiguiendo así un aspecto saludable.","Hipoalergénica 
Sin Parabenos
Clínica y dermatológicamente testeado
Cruelty Free",Pomo x 120 g,,,,
Dermocosmética,Cicanol ,Piel Dañada,Piel Dañada,1600902,7798182770257,Cicanol QD,Gel reparador epidérmico. ,"Colabora en la reparación de la piel lesionada, irritada y agrietada.","Aplicar una o dos veces al día, una capa fina sobre el área afectada, limpia y seca. Esperar que seque. Para un mayor efecto, el área debe estar cubierta las 24 horas. Se recomienda utilizar durante 60-90 días.","Dimethicone, Cyclopentasiloxane; Cyclopentasiloxane (and) Dimethicone Crosspolymer; Silica.","Siliconas (Polisiloxanos)
Dióxido de Silicio","La fórmula de Cicanol QD está desarrollada para mejorar la apariencia cosmética de la piel, creando un ambioente óptimo para la regeneración de las fibras de colágeno. Ayuda a desvanecer las marcas de la piel, como cicatrices y lesiones, gracias a sus exclusivos coponentes, manteniéndola protegida e hidratada. Formulado para su uso en adultos, niños y bebés a partir de los 6 meses de edad. ",Hipoalergénico - No irritante - Sin Parabenos - Testeado clínica y dermatológicamente y bajo control pediátrico.,Pomo cánula x 15 g,30,25,110,25
Dermocosmética,Cicanol ,Piel Dañada,Piel Dañada,1600903,7798182770646,Cicanol QD Spray,Gel de siliconas en aerosol. Reparador epidérmico. Diseñado para aplicar en cicatrices.,"Gel de silicona de fórmula avanzada que ayuda a mejorar la apariencia
de cicatrices. Colabora en la reparación de la piel lesionada, irritada y agrietada.","Agitar antes de usar. Presionar el pico del spray dirigiendo la finísima nube a la zona deseada, manteniendo el envase a 30 o 40 centímetros de la piel durante unos segundos. Aplicar una o dos veces al día, una capa fina sobre el área afectada, limpia y seca. Esperar a que seque. Para un mayor efecto, el área debe estar cubierta las 24 horas. Se recomienda utilizar durante 60/90 días. Su exclusiva válvula permite utilizar el spray de forma normal o invertida (con el pulsador apuntando hacia abajo).
","DIMETHICONE, PROPANE / BUTANE",Dimeticona,"Cicanol QD Spray es un gel transparente auto secante formulado especialmente para aplicar en cicatrices; Tales como las producidas en intervenciones quirúrgicas, quemaduras, acné y/o estrías. Actúa formando una película hidrorrepelente que aísla la pie de la humedad y de los agentes externos irritantes. No obstante, no afecta la respiración normal cutánea. Alivia la picazón, el disconfort general de la piel, a la vez que aplana, ablanda y suaviza las cicatrices. Su exclusiva válvula permite utilizar el spray de forma normal o invertida garantizando una fácil y práctica aplicación del producto. Para evitar la formación de cicatrices queloides, se sugiere utilizar tan pronto se cierre la herida o después de la retirada de suturas; Como complemento de distintos tratamientos dermatológicos.",Hipoalergénico - No irritante - Sin Parabenos - Testeado clínica y dermatológicamente,Aerosol 75ml,40,40,170,88
Dermocosmética,Ongles,Fortalecedora,Uñas,1601001,7798182770240,Ongles,Fortalecedor ungueal. Uñas frágiles y quebradizas. ,Fortalecedor para uñas frágiles y quebradizas. ,"Aplicar diariamente, preferentemente por la noche, sobre las uñas limpias y secas. Esperar unos minutos a que el producto se seque, ya que es hidrosoluble. Para un resultado óptimo, extender la aplicación durante al menos tres meses.","Aqua (Water), Alcohol Denat, Propylene glycol, Glycerin, Equisetum arvense extract (Horsetail extract), Hydrolyzed Soy Protein (and) Hydrolyzed Corn Protein (and) Hydrolyzed WheatProtein, Diazolidinyl urea, Biotin, Methylparaben, Triethanolamine , Acrylates/C10-30 alkyl acrylate crosspolymer, Propylparaben","Phytoqueratina
Biotina
Equisetum Arvense","Establece una barrera protectora sobre las agresiones externas que afectan la estructura de las uñas, proporcionando una hidratación intensa, evitando que se sequen y quiebren. Su fórmula contiene hierbas ricas en silicatos, esenciales para la remineralización ungueal desde la base. De esta forma, la superficie de la uña se vuelve progresivamente menos frágil y más suave. Invisible y sin olor. Favorece la apariencia y crecimiento de la uña. ",Hipoalergénico,4 ml,75,26,80,31
Dermocosmética,Renovateurs,Ácidos,Renovación celular,1601101,7798182771032,Renovateurs Glicólico 10,"Sérum renovador de Glicolico al 10% - pH 3,5","Sérum facial de ácido glicólico al 10% a pH 3,5. Tiene efecto peeling. Exfolia la superﬁcie de la piel, ayudando a suavizar su textura y a fomentar el proceso de renovación cutánea. ","Aplicar sobre la piel limpia y seca del rostro, cuello y escote por la noche. Si la piel nunca utilizó ácidos se puede comenzar con un tratamiento prograsivo y alternado de 1 a 3 veces por semana. En caso de ardor o irritacion prolongada, espaciar o suspender su uso. Utilizar FPS 50+.","WATER, GLYCOLIC ACID, SODIUM HYDROXIDE, PEG-7 GLYCERYL COCOATE, XANTHAN GUM, CAPRYLHYDROXAMIC ACID (AND) PHENOXYETHANOL (AND) METHYLPROPANEDIOL, BISABOLOL, POLYOXYL 40 HYDROGENATED CASTOR OIL, DISODIUM EDTA, ETHYLHEXYLGLYCERIN, VITIS VINIFERA (GRAPE) FRUIT EXTRACT.","Ácido Glicólico 
Bisabolol
Polifenoles de UVA","El ácido glicólico tiene la molécula más pequeña de todos los AHAs (alfa hidroxiácidos) lo que le permite una penetración más profunda y rápida. Esta capacidad lo hace más efectivo como exfoliante. Su fórmula contiene bisabolol para ayudar a disminuir la irritación, si la hubiera.
Estimula el proceso de renovación celular cutánea. Mejora la hidratación y elasticidad. Aporta luminosidad y brillo. Unifica el tono y contribuye a difuminar manchas.
Retexturiza y mejora la superficie de la piel. Atenúa arrugas y líneas de expresión.","Hipoalergénica 
Sin Parabenos
Clínica y dermatológicamente testeado
Cruelty Free",Gotero 30 ml,,,,
Dermocosmética,Renovateurs,Ácidos,Renovación celular,1601102,7798182771056,Renovateurs Mandélico 10,"Sérum renovador de Mandélico al 10% - pH 3,5","Sérum facial de ácido mandélico al 10% a pH 3,5. Tiene efecto peeling. Exfolia la superﬁcie de la piel, ayudando a suavizar su textura y a fomentar el proceso de renovación cutánea. Ideal para pieles sensibles y con tendencia al acné.","Aplicar sobre la piel limpia y seca del rostro, cuello y escote por la noche. Si la piel nunca utilizó ácidos se puede comenzar con un tratamiento progresivo y alternado de 1 a 3 veces por semana. En caso de ardor o irritacion prolongada, espaciar o suspender su uso. Utilizar FPS 50+.","WATER, MANDELIC ACID SODIUM HYDROXIDE, PEG-7 GLYCERYL COCOATE, XANTHAN GUM, CAPRYLHYDROXAMIC ACID (AND) PHENOXYETHANOL (AND) METHYLPROPANEDIOL, BISABOLOL, CITRIC ACID, DISODIUM EDTA, ETHYLHEXYLGLYCERIN, SODIUM CITRATE, VITIS VINIFERA (GRAPE) FRUIT EXTRACT.","Ácido Mandélico 
Bisabolol
Polifenoles de UVA","El ácido mandélico tiene la molécula más grande de todos los AHAs (alfa hidroxiácidos) lo que le permite una penetración más lenta en la piel. Esta capacidad lo hace más adecuado para pieles sensibles. Su fórmula contiene bisabolol para ayudar a disminuir la irritación, si la hubiera.
Estimula el proceso de renovación celular cutánea. Unifica el tono y contribuye a atenuar manchas. Mejora y previene el acné. 
Retexturiza y mejora la superficie de la piel.  Reduce las líneas de expresión.","Hipoalergénica 
Sin Parabenos
Clínica y dermatológicamente testeado
Cruelty Free",Gotero 30 ml,,,,
Dermocosmética,Renovateurs,Ácidos,Renovación celular,1601103,7798182771209,Renovateurs Glicólico 5,"Crema renovadora de Glicólico al 5% - pH 3,5","Crema facial de ácido glicólico al 5% a pH 3,5. Tiene efecto peeling. Exfolia e hidrata la superﬁcie de la piel, ayudando a suavizar su textura y a fomentar el proceso de renovación cutánea.","Aplicar sobre la piel limpia y seca del rostro, cuello y escote por la noche. Si la piel nunca utilizó ácidos se puede comenzar con un tratamiento progresivo y alternado de 1 a 3 veces por semana. En caso de ardor o irritacion prolongada, espaciar o suspender su uso. Utilizar FPS 50+.","WATER, GLYCOLIC ACID, CAPRYLIC/CAPRIC TRIGLYCERIDE, DICAPRYLYL CARBONATE, CETYL ALCOHOL (AND) GLYCERYL STEARATE (AND) PEG-75 STEARATE (AND) CETETH-20 (AND) STEARETH-20, GLYCERIN, CAPRYLYL GLYCOL/ CHONDRUS CRISPUS EXTRACT/ ETHYLHEXYLGLYCERIN/GLUCOSE/PHENOXYETHANOL/ XANTHAN GUM, SIMMONDSIA CHINENSIS (JOJOBA) SEED OIL, VITIS VINIFERA (GRAPE) FRUIT EXTRACT, SODIUM HYDROXIDE, C10-18 TRIGLYCERIDES, SODIUM ACRYLATES COPOLYMER (AND) LECITHIN, BISABOLOL, PHENOXYETHANOL, HYDROXYETHYLCELLULOSE, TOCOPHERYL ACETATE, ETHYLHEXYLGLYCERIN, DISODIUM EDTA.","Ácido Glicólico 
Bisabolol
Lipomoist™
Polifenoles de UVA","Renovateurs Glicólico 5 es una crema facial, formulada con un 5% de ácido glicólico (pH 3,5). El ácido glicólico tiene la molécula más pequeña de todos los AHAs (alfa hidroxiácidos) lo que le permite una penetración más profunda y rápida. Esta capacidad lo hace más efectivo como exfoliante. Su concentración moderada al 5% y la asociación con Lipomoist™ le confieren un alto poder hidratante. Su fórmula contiene, además, bisabolol para ayudar a disminuir la irritación, si la hubiera.
Estimula el proceso de renovación celular cutánea. Hidrata y mejora la elasticidad. Aporta luminosidad y brillo. Unifica el tono y contribuye a difuminar manchas.
Retexturiza y mejora la superficie de la piel. Atenúa arrugas y líneas de expresión
","
Sin fragancia
Clínica y dermatológicamente testeado
",Frasco 50g,,,,
