TIPO,CATEGORÍA,SUBCATEGORÍA (Español),FAMILIA (Español),Nombre del Producto en Inglés (CALIDAD),Nombre del Producto en Español,Descripción MKT,Características,Cod SAP local,EAN ,Merch Code,Tono,Status 2023
Revlon,Esmalte para UÑAS,Esmalte en Gel,ColorStay, ColorStay Gel Envy Diamond Top Coat,Capa Protectora de larga duración,"ColorStay Gel Envy™ Diamond Top Coat es nuestra capa protectora de esmalte más resistente. Fabricada con la exclusiva DiamondFlex™ Technology, está diseñada especialmente para usar en conjunto con ColorStay Gel Envy™ Longwear Nail Enamel y así brindar un color de calidad profesional y un brillo como de diamante 5 Free.","Capa protectora
Tecnología Diamondflex™
Larga Duración
5 Free (Tolueno, Formaldehido, DBP, Resina de Formaldehido, Alcanfor).",7253533000,309970104320,10,Diamond Top Coat,Regular
Revlon,Esmalte para UÑAS,Esmalte en Gel,ColorStay, ColorStay Gel Envy Up In Charms ,Capa Protectora de larga duración,"Crea color con calidad de salón con mas de 30 tonos vibrantes con nuestro revolucionario sistema de 2 pasos. Cepillo en la base y color en uno, y luego terminar con el protector Envy Gel ColorStay Diamond Top Coat ? para mayor resistencia . Juntos, crean colores vivos , acabado brillante y hermosa vida resistente.","Capa protectora
Tecnología Diamondflex™
Larga Duración
5 Free (Tolueno, Formaldehido, DBP, Resina de Formaldehido, Alcanfor).",7253531031,309976012315,15,Up in Charms ,Regular
Revlon,Esmalte para UÑAS,Esmalte en Gel,ColorStay, ColorStay Gel Envy Longwear Nail Enamel ,Esmalte para Uñas de larga duración,"Esmalte para uñas en gel de Larga Duración. Su fórmula contiene polímeros que realzan el color. 7 días de color con ingredientes hidratantes: aceite de almendras, manteca de karité, aceite de jojoba & 5 Free.","Esmalte de gel
Color+Base
Larga Duración
5 Free (Tolueno, Formaldehido, DBP, Resina de Formaldehido, Alcanfor)
Hidratante",7253531068,309978418689,462,All Grieged Out,Regular
Revlon,Esmalte para UÑAS,Esmalte en Gel,ColorStay, ColorStay Gel Envy Longwear Nail Enamel ,Esmalte para Uñas de larga duración,"Esmalte para uñas en gel de Larga Duración. Su fórmula contiene polímeros que realzan el color. 7 días de color con ingredientes hidratantes: aceite de almendras, manteca de karité, aceite de jojoba & 5 Free.","Esmalte de gel
Color+Base
Larga Duración
5 Free (Tolueno, Formaldehido, DBP, Resina de Formaldehido, Alcanfor)
Hidratante",7253531062,309976012629,550,All on Red,Regular
Revlon,Esmalte para UÑAS,Esmalte en Gel,ColorStay, ColorStay Gel Envy Longwear Nail Enamel ,Esmalte para Uñas de larga duración,"Esmalte para uñas en gel de Larga Duración. Su fórmula contiene polímeros que realzan el color. 7 días de color con ingredientes hidratantes: aceite de almendras, manteca de karité, aceite de jojoba & 5 Free.","Esmalte de gel
Color+Base
Larga Duración
5 Free (Tolueno, Formaldehido, DBP, Resina de Formaldehido, Alcanfor)
Hidratante",7253531006,309970104375,006,All or Nothing,Regular
Revlon,Esmalte para UÑAS,Esmalte en Gel,ColorStay, ColorStay Gel Envy Longwear Nail Enamel ,Esmalte para Uñas de larga duración,"Esmalte para uñas en gel de Larga Duración. Su fórmula contiene polímeros que realzan el color. 7 días de color con ingredientes hidratantes: aceite de almendras, manteca de karité, aceite de jojoba & 5 Free.","Esmalte de gel
Color+Base
Larga Duración
5 Free (Tolueno, Formaldehido, DBP, Resina de Formaldehido, Alcanfor)
Hidratante",7253531015,309970104368,520,Black Jack,Regular
Revlon,Esmalte para UÑAS,Esmalte en Gel,ColorStay, ColorStay Gel Envy Longwear Nail Enamel ,Esmalte para Uñas de larga duración,"Esmalte para uñas en gel de Larga Duración. Su fórmula contiene polímeros que realzan el color. 7 días de color con ingredientes hidratantes: aceite de almendras, manteca de karité, aceite de jojoba & 5 Free.","Esmalte de gel
Color+Base
Larga Duración
5 Free (Tolueno, Formaldehido, DBP, Resina de Formaldehido, Alcanfor)
Hidratante",7253531002,309970103910,030,Cardshark,Disponible hasta agotar stock
Revlon,Esmalte para UÑAS,Esmalte en Gel,ColorStay, ColorStay Gel Envy Longwear Nail Enamel ,Esmalte para Uñas de larga duración,"Esmalte para uñas en gel de Larga Duración. Su fórmula contiene polímeros que realzan el color. 7 días de color con ingredientes hidratantes: aceite de almendras, manteca de karité, aceite de jojoba & 5 Free.","Esmalte de gel
Color+Base
Larga Duración
5 Free (Tolueno, Formaldehido, DBP, Resina de Formaldehido, Alcanfor)
Hidratante",7253531017,309970105167,540,CheckMate,Regular
Revlon,Esmalte para UÑAS,Esmalte en Gel,ColorStay, ColorStay Gel Envy Longwear Nail Enamel ,Esmalte para Uñas de larga duración,"Esmalte para uñas en gel de Larga Duración. Su fórmula contiene polímeros que realzan el color. 7 días de color con ingredientes hidratantes: aceite de almendras, manteca de karité, aceite de jojoba & 5 Free.","Esmalte de gel
Color+Base
Larga Duración
5 Free (Tolueno, Formaldehido, DBP, Resina de Formaldehido, Alcanfor)
Hidratante",7253531036,309970104306,615,Get Lucky,Regular
Revlon,Esmalte para UÑAS,Esmalte en Gel,ColorStay, ColorStay Gel Envy Longwear Nail Enamel ,Esmalte para Uñas de larga duración,"Esmalte para uñas en gel de Larga Duración. Su fórmula contiene polímeros que realzan el color. 7 días de color con ingredientes hidratantes: aceite de almendras, manteca de karité, aceite de jojoba & 5 Free.","Esmalte de gel
Color+Base
Larga Duración
5 Free (Tolueno, Formaldehido, DBP, Resina de Formaldehido, Alcanfor)
Hidratante",7253531061,309976012612,610,HeartBreaker,Regular
Revlon,Esmalte para UÑAS,Esmalte en Gel,ColorStay, ColorStay Gel Envy Longwear Nail Enamel ,Esmalte para Uñas de larga duración,"Esmalte para uñas en gel de Larga Duración. Su fórmula contiene polímeros que realzan el color. 7 días de color con ingredientes hidratantes: aceite de almendras, manteca de karité, aceite de jojoba & 5 Free.","Esmalte de gel
Color+Base
Larga Duración
5 Free (Tolueno, Formaldehido, DBP, Resina de Formaldehido, Alcanfor)
Hidratante",7253531033,309970103880,125,Perfect Pair,Regular
Revlon,Esmalte para UÑAS,Esmalte en Gel,ColorStay, ColorStay Gel Envy Longwear Nail Enamel ,Esmalte para Uñas de larga duración,"Esmalte para uñas en gel de Larga Duración. Su fórmula contiene polímeros que realzan el color. 7 días de color con ingredientes hidratantes: aceite de almendras, manteca de karité, aceite de jojoba & 5 Free.","Esmalte de gel
Color+Base
Larga Duración
5 Free (Tolueno, Formaldehido, DBP, Resina de Formaldehido, Alcanfor)
Hidratante",7253531029,309970144562,029,Queen of Hearts,Regular
Revlon,Esmalte para UÑAS,Esmalte en Gel,ColorStay, ColorStay Gel Envy Longwear Nail Enamel ,Esmalte para Uñas de larga duración,"Esmalte para uñas en gel de Larga Duración. Su fórmula contiene polímeros que realzan el color. 7 días de color con ingredientes hidratantes: aceite de almendras, manteca de karité, aceite de jojoba & 5 Free.","Esmalte de gel
Color+Base
Larga Duración
5 Free (Tolueno, Formaldehido, DBP, Resina de Formaldehido, Alcanfor)
Hidratante",7253531026,309970104313,640,Roulette Rush,Regular
Revlon,Esmalte para UÑAS,Esmalte en Gel,ColorStay, ColorStay Gel Envy Longwear Nail Enamel ,Esmalte para Uñas de larga duración,"Esmalte para uñas en gel de Larga Duración. Su fórmula contiene polímeros que realzan el color. 7 días de color con ingredientes hidratantes: aceite de almendras, manteca de karité, aceite de jojoba & 5 Free.","Esmalte de gel
Color+Base
Larga Duración
5 Free (Tolueno, Formaldehido, DBP, Resina de Formaldehido, Alcanfor)
Hidratante",7253531063,309978418634,528,Skinny Dip,Regular
Revlon,Esmalte para UÑAS,Esmalte en Gel,ColorStay, ColorStay Gel Envy Longwear Nail Enamel ,Esmalte para Uñas de larga duración,"Esmalte para uñas en gel de Larga Duración. Su fórmula contiene polímeros que realzan el color. 7 días de color con ingredientes hidratantes: aceite de almendras, manteca de karité, aceite de jojoba & 5 Free.","Esmalte de gel
Color+Base
Larga Duración
5 Free (Tolueno, Formaldehido, DBP, Resina de Formaldehido, Alcanfor)
Hidratante",7253531069,309978418696,470,Stone Cold,Regular
Revlon,Esmalte para UÑAS,Esmalte en Gel,ColorStay, ColorStay Gel Envy Longwear Nail Enamel ,Esmalte para Uñas de larga duración,"Esmalte para uñas en gel de Larga Duración. Su fórmula contiene polímeros que realzan el color. 7 días de color con ingredientes hidratantes: aceite de almendras, manteca de karité, aceite de jojoba & 5 Free.","Esmalte de gel
Color+Base
Larga Duración
5 Free (Tolueno, Formaldehido, DBP, Resina de Formaldehido, Alcanfor)
Hidratante",7253531064,309978418641,122,Tippy Toes,Regular
Revlon,Esmalte para UÑAS,Esmalte en Gel,ColorStay, ColorStay Gel Envy Longwear Nail Enamel ,Esmalte para Uñas de larga duración,"Esmalte para uñas en gel de Larga Duración. Su fórmula contiene polímeros que realzan el color. 7 días de color con ingredientes hidratantes: aceite de almendras, manteca de karité, aceite de jojoba & 5 Free.","Esmalte de gel
Color+Base
Larga Duración
5 Free (Tolueno, Formaldehido, DBP, Resina de Formaldehido, Alcanfor)
Hidratante",7255949067,309978418672,408,What a Gem,Regular
Revlon,Esmalte para UÑAS,Esmalte para Uñas,Super Lustrous,Revlon Nail Enamel,Esmalte para Uñas,"Esmalte para uñas que contiene proteínas de seda y tecnología Shade Lock, lo que preserva el color del esmalte. 5 free.","Tecnologia Shade Lock
Con proteinas de seda
5 Free (Tolueno, Formaldehido, DBP, Resina de Formaldehido, Alcanfor)",7256152039,309970179595,003,Passionate,Regular
Revlon,Esmalte para UÑAS,Esmalte para Uñas,Super Lustrous,Revlon Nail Enamel,Esmalte para Uñas,"Esmalte para uñas que contiene proteínas de seda y tecnología Shade Lock, lo que preserva el color del esmalte. 5 free.","Tecnologia Shade Lock
Con proteinas de seda
5 Free (Tolueno, Formaldehido, DBP, Resina de Formaldehido, Alcanfor)",7256152034,309971271021,002,Romantique,Regular
Revlon,Esmalte para UÑAS,Esmalte para Uñas,Super Lustrous,Revlon Nail Enamel,Esmalte para Uñas,"Esmalte para uñas que contiene proteínas de seda y tecnología Shade Lock, lo que preserva el color del esmalte. 5 free.","Tecnologia Shade Lock
Con proteinas de seda
5 Free (Tolueno, Formaldehido, DBP, Resina de Formaldehido, Alcanfor)",7256152028,309970169541,909,Sheer Petal,Regular
Revlon,Esmalte para UÑAS,Esmalte para Uñas,Super Lustrous,Revlon Nail Enamel,Esmalte para Uñas,"Esmalte para uñas que contiene proteínas de seda y tecnología Shade Lock, lo que preserva el color del esmalte. 5 free.","Tecnologia Shade Lock
Con proteinas de seda
5 Free (Tolueno, Formaldehido, DBP, Resina de Formaldehido, Alcanfor)",7256152025,309970169527,680,Revlon Red,Regular
Revlon,Esmalte para UÑAS,Esmalte para Uñas,Super Lustrous,Revlon Nail Enamel,Esmalte para Uñas,"Esmalte para uñas que contiene proteínas de seda y tecnología Shade Lock, lo que preserva el color del esmalte. 5 free.","Tecnologia Shade Lock
Con proteinas de seda
5 Free (Tolueno, Formaldehido, DBP, Resina de Formaldehido, Alcanfor)",7256152021,309970169503,731,Ethereal,Regular
Revlon,Esmalte para UÑAS,Esmalte para Uñas,Super Lustrous,Revlon Nail Enamel,Esmalte para Uñas,"Esmalte para uñas que contiene proteínas de seda y tecnología Shade Lock, lo que preserva el color del esmalte. 5 free.","Tecnologia Shade Lock
Con proteinas de seda
5 Free (Tolueno, Formaldehido, DBP, Resina de Formaldehido, Alcanfor)",7256152019,309970169497,270,Cherries in the snow,Regular
Revlon,Esmalte para UÑAS,Esmalte para Uñas,Super Lustrous,Revlon Nail Enamel,Esmalte para Uñas,"Esmalte para uñas que contiene proteínas de seda y tecnología Shade Lock, lo que preserva el color del esmalte. 5 free.","Tecnologia Shade Lock
Con proteinas de seda
5 Free (Tolueno, Formaldehido, DBP, Resina de Formaldehido, Alcanfor)",7256152018,309970169480,490,Urban,Regular
Revlon,Esmalte para UÑAS,Esmalte para Uñas,Super Lustrous,Revlon Nail Enamel,Esmalte para Uñas,"Esmalte para uñas que contiene proteínas de seda y tecnología Shade Lock, lo que preserva el color del esmalte. 5 free.","Tecnologia Shade Lock
Con proteinas de seda
5 Free (Tolueno, Formaldehido, DBP, Resina de Formaldehido, Alcanfor)",7256152015,309970169466,570,Vixen,Regular
Revlon,Esmalte para UÑAS,Esmalte para Uñas,Super Lustrous,Revlon Nail Enamel,Esmalte para Uñas,"Esmalte para uñas que contiene proteínas de seda y tecnología Shade Lock, lo que preserva el color del esmalte. 5 free.","Tecnologia Shade Lock
Con proteinas de seda
5 Free (Tolueno, Formaldehido, DBP, Resina de Formaldehido, Alcanfor)",7256152012,309970169459,705,Gray Suede,Regular
Revlon,Esmalte para UÑAS,Esmalte para Uñas,Super Lustrous,Revlon Nail Enamel,Esmalte para Uñas,"Esmalte para uñas que contiene proteínas de seda y tecnología Shade Lock, lo que preserva el color del esmalte. 5 free.","Tecnologia Shade Lock
Con proteinas de seda
5 Free (Tolueno, Formaldehido, DBP, Resina de Formaldehido, Alcanfor)",7256152011,309970169442,730,Valentine,Regular
Revlon,Esmalte para UÑAS,Esmalte para Uñas,Super Lustrous,Revlon Nail Enamel,Esmalte para Uñas,"Esmalte para uñas que contiene proteínas de seda y tecnología Shade Lock, lo que preserva el color del esmalte. 5 free.","Tecnologia Shade Lock
Con proteinas de seda
5 Free (Tolueno, Formaldehido, DBP, Resina de Formaldehido, Alcanfor)",7256152010,309970169435,680,Raven Red,Disponible hasta agotar stock
Revlon,Esmalte para UÑAS,Esmalte para Uñas,Super Lustrous,Revlon Nail Enamel,Esmalte para Uñas,"Esmalte para uñas que contiene proteínas de seda y tecnología Shade Lock, lo que preserva el color del esmalte. 5 free.","Tecnologia Shade Lock
Con proteinas de seda
5 Free (Tolueno, Formaldehido, DBP, Resina de Formaldehido, Alcanfor)",7256152008,309970169428,620,Bewitching,Regular
Revlon,Esmalte para UÑAS,Esmalte para Uñas,Super Lustrous,Revlon Nail Enamel,Esmalte para Uñas,"Esmalte para uñas que contiene proteínas de seda y tecnología Shade Lock, lo que preserva el color del esmalte. 5 free.","Tecnologia Shade Lock
Con proteinas de seda
5 Free (Tolueno, Formaldehido, DBP, Resina de Formaldehido, Alcanfor)",7256152007,309970169411,640,Fearless,Regular
Revlon,Esmalte para UÑAS,Esmalte para Uñas,Super Lustrous,Revlon Nail Enamel,Esmalte para Uñas,"Esmalte para uñas que contiene proteínas de seda y tecnología Shade Lock, lo que preserva el color del esmalte. 5 free.","Tecnologia Shade Lock
Con proteinas de seda
5 Free (Tolueno, Formaldehido, DBP, Resina de Formaldehido, Alcanfor)",7256152005,309970169404,006,Sheer Pink,Regular
Revlon,Esmalte para UÑAS,Esmalte para Uñas,Super Lustrous,Revlon Nail Enamel,Esmalte para Uñas,"Esmalte para uñas que contiene proteínas de seda y tecnología Shade Lock, lo que preserva el color del esmalte. 5 free.","Tecnologia Shade Lock
Con proteinas de seda
5 Free (Tolueno, Formaldehido, DBP, Resina de Formaldehido, Alcanfor)",7256152001,309970169381,731,Knockout,Regular
Revlon,Esmalte para UÑAS,Tratamiento para Uñas,Revlon,Revlon Extra Life No Chip Top Coat,Capa Protectora anti saltado de alto brillo,Capa protectora anti saltado de alto brillo que extiende la duración de la manicuría hasta 2 días más,"Capa protectora
Anti-saltado
Extiende el esmaltado 2 dias más",7225054000,309977735008,215,Extra Life Top Coat,Regular
Revlon,Esmalte para UÑAS,Tratamiento para Uñas,Revlon,Revlon MultiCare Base + Top Coat,Base y Capa Protectora Multicuidados,Base y Capa protectora multicuidados. Efecto endurecedor + brillo y duración,"Base y Capa ptorectora
Efecto endurecedor
Da brillo y duración",7225057000,309977741009,205,Multicare Base + Top Coat,Regular
Revlon,Esmalte para UÑAS,Tratamiento para Uñas,Revlon,Revlon Quick Dry Base Coat,Base para Uñas de Secado Rápido,Base para uñas de secado rápido que ayuda a fijar el color.  Ayuda a una aplicación uniforme del color y ayuda a evitar el astillado y saltado,"Base de uñas 
Secado rápido
Aplicación uniforme del colro
Evita astillado y saltado",7225058000,309977755006,225,Quick Dry Base Coat,Regular
Revlon,Esmalte para UÑAS,Tratamiento para Uñas,Revlon,Revlon Quick Dry Top Coat,Líquido de Secado Rápido,Líquido de secado rápido en 30 segundos que también actúa como capa protectora y evita el desgaste del color.,"Secado en 30 segundos
Capa protectora 
Evita el desgaste del color",7225055000,309977737002,210,Quick Dry Top Coat,Regular
Cutex,Esmalte para UÑAS,Esmalte para Uñas,Cutex,Cutex Esmalte de Uñas,Cutex Esmalte de Uñas Via Lactea,"•	Fórmula Hipoalergénica.
•	Nuevos tonos disponibles 
•	Pincel Plano para una mayor cobertura en la uña. Súper práctico y fácil de usar, permite una aplicación perfecta, sin dejar rastros y en una sola pasada.
•	AHORA 16 FREE
•	Libre de crueldad animal 
•	Fórmula 100% vegana.
•	Libre de Formaldehído, Resina de Formaldehído, Tolueno, Xileno, Acetona, Ftalatos, Alcanfor, Parabenos, Ingredientes de origen animal, Sulfatos, Fosfato de Trifenilo y Bisfenol A.","•	Envase de 6ml.
•	Variedad de tonos disponibles.
•	Brinda color y protección en la uña.
",7268625002,7790416016285,002,Vía Lactea,Regular
Cutex,Esmalte para UÑAS,Esmalte para Uñas,Cutex,Cutex Esmalte de Uñas,Cutex Esmalte de Uñas Calcio Blanco,"•	Fórmula Hipoalergénica.
•	Nuevos tonos disponibles 
•	Pincel Plano para una mayor cobertura en la uña. Súper práctico y fácil de usar, permite una aplicación perfecta, sin dejar rastros y en una sola pasada.
•	AHORA 16 FREE
•	Libre de crueldad animal 
•	Fórmula 100% vegana.
•	Libre de Formaldehído, Resina de Formaldehído, Tolueno, Xileno, Acetona, Ftalatos, Alcanfor, Parabenos, Ingredientes de origen animal, Sulfatos, Fosfato de Trifenilo y Bisfenol A.","•	Envase de 6ml.
•	Variedad de tonos disponibles.
•	Brinda color y protección en la uña.
",7268625003,7790416016292,003,Calcio Blanco,Regular
Cutex,Esmalte para UÑAS,Esmalte para Uñas,Cutex,Cutex Esmalte de Uñas,Cutex Esmalte de Uñas Blanco French Manicure,"•	Fórmula Hipoalergénica.
•	Nuevos tonos disponibles 
•	Pincel Plano para una mayor cobertura en la uña. Súper práctico y fácil de usar, permite una aplicación perfecta, sin dejar rastros y en una sola pasada.
•	AHORA 16 FREE
•	Libre de crueldad animal 
•	Fórmula 100% vegana.
•	Libre de Formaldehído, Resina de Formaldehído, Tolueno, Xileno, Acetona, Ftalatos, Alcanfor, Parabenos, Ingredientes de origen animal, Sulfatos, Fosfato de Trifenilo y Bisfenol A.","•	Envase de 6ml.
•	Variedad de tonos disponibles.
•	Brinda color y protección en la uña.
",7268625006,7790416016308,006,Blanco French Manicure,Regular
Cutex,Esmalte para UÑAS,Esmalte para Uñas,Cutex,Cutex Esmalte de Uñas,Cutex Esmalte de Uñas Calcio Rosa,"•	Fórmula Hipoalergénica.
•	Nuevos tonos disponibles 
•	Pincel Plano para una mayor cobertura en la uña. Súper práctico y fácil de usar, permite una aplicación perfecta, sin dejar rastros y en una sola pasada.
•	AHORA 16 FREE
•	Libre de crueldad animal 
•	Fórmula 100% vegana.
•	Libre de Formaldehído, Resina de Formaldehído, Tolueno, Xileno, Acetona, Ftalatos, Alcanfor, Parabenos, Ingredientes de origen animal, Sulfatos, Fosfato de Trifenilo y Bisfenol A.","•	Envase de 6ml.
•	Variedad de tonos disponibles.
•	Brinda color y protección en la uña.
",7268625001,7790416016315,001,Calcio Rosa,Regular
Cutex,Esmalte para UÑAS,Esmalte para Uñas,Cutex,Cutex Esmalte de Uñas,Cutex Esmalte de Uñas Siena,"•	Fórmula Hipoalergénica.
•	Nuevos tonos disponibles 
•	Pincel Plano para una mayor cobertura en la uña. Súper práctico y fácil de usar, permite una aplicación perfecta, sin dejar rastros y en una sola pasada.
•	AHORA 16 FREE
•	Libre de crueldad animal 
•	Fórmula 100% vegana.
•	Libre de Formaldehído, Resina de Formaldehído, Tolueno, Xileno, Acetona, Ftalatos, Alcanfor, Parabenos, Ingredientes de origen animal, Sulfatos, Fosfato de Trifenilo y Bisfenol A.","•	Envase de 6ml.
•	Variedad de tonos disponibles.
•	Brinda color y protección en la uña.
",7268625044,7790416016322,044,Siena,Regular
Cutex,Esmalte para UÑAS,Esmalte para Uñas,Cutex,Cutex Esmalte de Uñas,Cutex Esmalte de Uñas Rosa Incógnito,"•	Fórmula Hipoalergénica.
•	Nuevos tonos disponibles 
•	Pincel Plano para una mayor cobertura en la uña. Súper práctico y fácil de usar, permite una aplicación perfecta, sin dejar rastros y en una sola pasada.
•	AHORA 16 FREE
•	Libre de crueldad animal 
•	Fórmula 100% vegana.
•	Libre de Formaldehído, Resina de Formaldehído, Tolueno, Xileno, Acetona, Ftalatos, Alcanfor, Parabenos, Ingredientes de origen animal, Sulfatos, Fosfato de Trifenilo y Bisfenol A.","•	Envase de 6ml.
•	Variedad de tonos disponibles.
•	Brinda color y protección en la uña.
",7268625045,7790416016339,045,Rosa incógnito,Regular
Cutex,Esmalte para UÑAS,Esmalte para Uñas,Cutex,Cutex Esmalte de Uñas,Cutex Esmalte de Uñas Nude,"•	Fórmula Hipoalergénica.
•	Nuevos tonos disponibles 
•	Pincel Plano para una mayor cobertura en la uña. Súper práctico y fácil de usar, permite una aplicación perfecta, sin dejar rastros y en una sola pasada.
•	AHORA 16 FREE
•	Libre de crueldad animal 
•	Fórmula 100% vegana.
•	Libre de Formaldehído, Resina de Formaldehído, Tolueno, Xileno, Acetona, Ftalatos, Alcanfor, Parabenos, Ingredientes de origen animal, Sulfatos, Fosfato de Trifenilo y Bisfenol A.","•	Envase de 6ml.
•	Variedad de tonos disponibles.
•	Brinda color y protección en la uña.
",7268625046,7790416016346,046,Nude,Regular
Cutex,Esmalte para UÑAS,Esmalte para Uñas,Cutex,Cutex Esmalte de Uñas,Cutex Esmalte de Uñas Beilis,"•	Fórmula Hipoalergénica.
•	Nuevos tonos disponibles 
•	Pincel Plano para una mayor cobertura en la uña. Súper práctico y fácil de usar, permite una aplicación perfecta, sin dejar rastros y en una sola pasada.
•	AHORA 16 FREE
•	Libre de crueldad animal 
•	Fórmula 100% vegana.
•	Libre de Formaldehído, Resina de Formaldehído, Tolueno, Xileno, Acetona, Ftalatos, Alcanfor, Parabenos, Ingredientes de origen animal, Sulfatos, Fosfato de Trifenilo y Bisfenol A.","•	Envase de 6ml.
•	Variedad de tonos disponibles.
•	Brinda color y protección en la uña.
",7268625042,7790416016353,042,Beilis,Regular
Cutex,Esmalte para UÑAS,Esmalte para Uñas,Cutex,Cutex Esmalte de Uñas,Cutex Esmalte de Uñas Granada,"•	Fórmula Hipoalergénica.
•	Nuevos tonos disponibles 
•	Pincel Plano para una mayor cobertura en la uña. Súper práctico y fácil de usar, permite una aplicación perfecta, sin dejar rastros y en una sola pasada.
•	AHORA 16 FREE
•	Libre de crueldad animal 
•	Fórmula 100% vegana.
•	Libre de Formaldehído, Resina de Formaldehído, Tolueno, Xileno, Acetona, Ftalatos, Alcanfor, Parabenos, Ingredientes de origen animal, Sulfatos, Fosfato de Trifenilo y Bisfenol A.","•	Envase de 6ml.
•	Variedad de tonos disponibles.
•	Brinda color y protección en la uña.
",7268625011,7790416016360,011,Granada,Regular
Cutex,Esmalte para UÑAS,Esmalte para Uñas,Cutex,Cutex Esmalte de Uñas,Cutex Esmalte de Uñas Rojo Cutex,"•	Fórmula Hipoalergénica.
•	Nuevos tonos disponibles 
•	Pincel Plano para una mayor cobertura en la uña. Súper práctico y fácil de usar, permite una aplicación perfecta, sin dejar rastros y en una sola pasada.
•	AHORA 16 FREE
•	Libre de crueldad animal 
•	Fórmula 100% vegana.
•	Libre de Formaldehído, Resina de Formaldehído, Tolueno, Xileno, Acetona, Ftalatos, Alcanfor, Parabenos, Ingredientes de origen animal, Sulfatos, Fosfato de Trifenilo y Bisfenol A.","•	Envase de 6ml.
•	Variedad de tonos disponibles.
•	Brinda color y protección en la uña.
",7268625016,7790416016377,016,Rojo Cutex,Regular
Cutex,Esmalte para UÑAS,Esmalte para Uñas,Cutex,Cutex Esmalte de Uñas,Cutex Esmalte de Uñas Deseo,"•	Fórmula Hipoalergénica.
•	Nuevos tonos disponibles 
•	Pincel Plano para una mayor cobertura en la uña. Súper práctico y fácil de usar, permite una aplicación perfecta, sin dejar rastros y en una sola pasada.
•	AHORA 16 FREE
•	Libre de crueldad animal 
•	Fórmula 100% vegana.
•	Libre de Formaldehído, Resina de Formaldehído, Tolueno, Xileno, Acetona, Ftalatos, Alcanfor, Parabenos, Ingredientes de origen animal, Sulfatos, Fosfato de Trifenilo y Bisfenol A.","•	Envase de 6ml.
•	Variedad de tonos disponibles.
•	Brinda color y protección en la uña.
",7268625013,7790416016384,013,Deseo,Regular
Cutex,Esmalte para UÑAS,Esmalte para Uñas,Cutex,Cutex Esmalte de Uñas,Cutex Esmalte de Uñas Fresia Salvaje,"•	Fórmula Hipoalergénica.
•	Nuevos tonos disponibles 
•	Pincel Plano para una mayor cobertura en la uña. Súper práctico y fácil de usar, permite una aplicación perfecta, sin dejar rastros y en una sola pasada.
•	AHORA 16 FREE
•	Libre de crueldad animal 
•	Fórmula 100% vegana.
•	Libre de Formaldehído, Resina de Formaldehído, Tolueno, Xileno, Acetona, Ftalatos, Alcanfor, Parabenos, Ingredientes de origen animal, Sulfatos, Fosfato de Trifenilo y Bisfenol A.","•	Envase de 6ml.
•	Variedad de tonos disponibles.
•	Brinda color y protección en la uña.
",7268625009,7790416016391,009,Fresia Salvaje,Regular
Cutex,Esmalte para UÑAS,Esmalte para Uñas,Cutex,Cutex Esmalte de Uñas,Cutex Esmalte de Uñas Rosa Imponente,"•	Fórmula Hipoalergénica.
•	Nuevos tonos disponibles 
•	Pincel Plano para una mayor cobertura en la uña. Súper práctico y fácil de usar, permite una aplicación perfecta, sin dejar rastros y en una sola pasada.
•	AHORA 16 FREE
•	Libre de crueldad animal 
•	Fórmula 100% vegana.
•	Libre de Formaldehído, Resina de Formaldehído, Tolueno, Xileno, Acetona, Ftalatos, Alcanfor, Parabenos, Ingredientes de origen animal, Sulfatos, Fosfato de Trifenilo y Bisfenol A.","•	Envase de 6ml.
•	Variedad de tonos disponibles.
•	Brinda color y protección en la uña.
",7268625025,7790416016414,025,Rosa imponente,Regular
Cutex,Esmalte para UÑAS,Esmalte para Uñas,Cutex,Cutex Esmalte de Uñas,Cutex Esmalte de Uñas Uva,"•	Fórmula Hipoalergénica.
•	Nuevos tonos disponibles 
•	Pincel Plano para una mayor cobertura en la uña. Súper práctico y fácil de usar, permite una aplicación perfecta, sin dejar rastros y en una sola pasada.
•	AHORA 16 FREE
•	Libre de crueldad animal 
•	Fórmula 100% vegana.
•	Libre de Formaldehído, Resina de Formaldehído, Tolueno, Xileno, Acetona, Ftalatos, Alcanfor, Parabenos, Ingredientes de origen animal, Sulfatos, Fosfato de Trifenilo y Bisfenol A.","•	Envase de 6ml.
•	Variedad de tonos disponibles.
•	Brinda color y protección en la uña.
",7268625038,7790416016421,038,Uva,Regular
Cutex,Esmalte para UÑAS,Esmalte para Uñas,Cutex,Cutex Esmalte de Uñas,Cutex Esmalte de Uñas Malbec,"•	Fórmula Hipoalergénica.
•	Nuevos tonos disponibles 
•	Pincel Plano para una mayor cobertura en la uña. Súper práctico y fácil de usar, permite una aplicación perfecta, sin dejar rastros y en una sola pasada.
•	AHORA 16 FREE
•	Libre de crueldad animal 
•	Fórmula 100% vegana.
•	Libre de Formaldehído, Resina de Formaldehído, Tolueno, Xileno, Acetona, Ftalatos, Alcanfor, Parabenos, Ingredientes de origen animal, Sulfatos, Fosfato de Trifenilo y Bisfenol A.","•	Envase de 6ml.
•	Variedad de tonos disponibles.
•	Brinda color y protección en la uña.
",7268625039,7790416016438,039,Malbec,Regular
Cutex,Esmalte para UÑAS,Esmalte para Uñas,Cutex,Cutex Esmalte de Uñas,Cutex Esmalte de Uñas Malva,"•	Fórmula Hipoalergénica.
•	Nuevos tonos disponibles 
•	Pincel Plano para una mayor cobertura en la uña. Súper práctico y fácil de usar, permite una aplicación perfecta, sin dejar rastros y en una sola pasada.
•	AHORA 16 FREE
•	Libre de crueldad animal 
•	Fórmula 100% vegana.
•	Libre de Formaldehído, Resina de Formaldehído, Tolueno, Xileno, Acetona, Ftalatos, Alcanfor, Parabenos, Ingredientes de origen animal, Sulfatos, Fosfato de Trifenilo y Bisfenol A.","•	Envase de 6ml.
•	Variedad de tonos disponibles.
•	Brinda color y protección en la uña.
",7268625037,7790416016445,037,Malva,Regular
Cutex,Esmalte para UÑAS,Esmalte para Uñas,Cutex,Cutex Esmalte de Uñas,Cutex Esmalte de Uñas Negro Noche,"•	Fórmula Hipoalergénica.
•	Nuevos tonos disponibles 
•	Pincel Plano para una mayor cobertura en la uña. Súper práctico y fácil de usar, permite una aplicación perfecta, sin dejar rastros y en una sola pasada.
•	AHORA 16 FREE
•	Libre de crueldad animal 
•	Fórmula 100% vegana.
•	Libre de Formaldehído, Resina de Formaldehído, Tolueno, Xileno, Acetona, Ftalatos, Alcanfor, Parabenos, Ingredientes de origen animal, Sulfatos, Fosfato de Trifenilo y Bisfenol A.","•	Envase de 6ml.
•	Variedad de tonos disponibles.
•	Brinda color y protección en la uña.
",7268625018,7790416016452,018,Negro Noche,Regular
Cutex,Esmalte para UÑAS,Esmalte para Uñas,Cutex,Cutex Esmalte de Uñas,Cutex Esmalte de Uñas Gris Audaz,"•	Fórmula Hipoalergénica.
•	Nuevos tonos disponibles 
•	Pincel Plano para una mayor cobertura en la uña. Súper práctico y fácil de usar, permite una aplicación perfecta, sin dejar rastros y en una sola pasada.
•	AHORA 16 FREE
•	Libre de crueldad animal 
•	Fórmula 100% vegana.
•	Libre de Formaldehído, Resina de Formaldehído, Tolueno, Xileno, Acetona, Ftalatos, Alcanfor, Parabenos, Ingredientes de origen animal, Sulfatos, Fosfato de Trifenilo y Bisfenol A.","•	Envase de 6ml.
•	Variedad de tonos disponibles.
•	Brinda color y protección en la uña.
",7268625019,7790416016469,019,Gris Audaz,Regular
Cutex,Esmalte para UÑAS,Esmalte para Uñas,Cutex,Cutex Esmalte de Uñas,Cutex Esmalte de Uñas Lila Soñado,"•	Fórmula Hipoalergénica.
•	Nuevos tonos disponibles 
•	Pincel Plano para una mayor cobertura en la uña. Súper práctico y fácil de usar, permite una aplicación perfecta, sin dejar rastros y en una sola pasada.
•	AHORA 16 FREE
•	Libre de crueldad animal 
•	Fórmula 100% vegana.
•	Libre de Formaldehído, Resina de Formaldehído, Tolueno, Xileno, Acetona, Ftalatos, Alcanfor, Parabenos, Ingredientes de origen animal, Sulfatos, Fosfato de Trifenilo y Bisfenol A.","•	Envase de 6ml.
•	Variedad de tonos disponibles.
•	Brinda color y protección en la uña.
",7268625052,7790416016476,052,Lila Soñado,Regular
Cutex,Tratamiento para uñas,Tratamiento para Uñas,Cutex,Cutex Base Protectora,Cutex Base Protectora,Ayuda a proteger y unificar la uña previo a la colocación del esmalte. Mantiene el color por más tiempo. Posee Pantotenato de Calcio.	,"•	Envase de 6 ml.
•Fórmula Hipoalergénica.
•	Pincel Plano para una mayor cobertura en la uña. Súper práctico y fácil de usar, permite una aplicación perfecta, sin dejar rastros y en una sola pasada.
•	AHORA 16 FREE
•	Libre de crueldad animal 
•	Fórmula 100% vegana.
•	Libre de Formaldehído, Resina de Formaldehído, Tolueno, Xileno, Acetona, Ftalatos, Alcanfor, Parabenos, Ingredientes de origen animal, Sulfatos, Fosfato de Trifenilo y Bisfenol A.
",7268607000,7790416016223,,Base protectora,Regular
Cutex,Tratamiento para uñas,Tratamiento para Uñas,Cutex,Cutex Fortalecedor,Cutex Fortalecedor,"Especial para uñas quebradizas, ya que contiene Calcio,y Vitamina E que refuerzan y protegen la uña.","•	Envase de 6 ml.
•Fórmula Hipoalergénica.
•	Pincel Plano para una mayor cobertura en la uña. Súper práctico y fácil de usar, permite una aplicación perfecta, sin dejar rastros y en una sola pasada.
•	AHORA 16 FREE
•	Libre de crueldad animal 
•	Fórmula 100% vegana.
•	Libre de Formaldehído, Resina de Formaldehído, Tolueno, Xileno, Acetona, Ftalatos, Alcanfor, Parabenos, Ingredientes de origen animal, Sulfatos, Fosfato de Trifenilo y Bisfenol A.
",7268616000,7790416016261,,Fortalecedor,Regular
Cutex,Tratamiento para uñas,Tratamiento para Uñas,Cutex,Cutex Capa Protectora Máximo Brillo,Cutex Capa Protectora Máximo Brillo,"Otorga un brillo extremo para un acabado perfecto, y protege el color evitando que se salte.","•	Envase de 6 ml.
•Fórmula Hipoalergénica.
•	Pincel Plano para una mayor cobertura en la uña. Súper práctico y fácil de usar, permite una aplicación perfecta, sin dejar rastros y en una sola pasada.
•	AHORA 16 FREE
•	Libre de crueldad animal 
•	Fórmula 100% vegana.
•	Libre de Formaldehído, Resina de Formaldehído, Tolueno, Xileno, Acetona, Ftalatos, Alcanfor, Parabenos, Ingredientes de origen animal, Sulfatos, Fosfato de Trifenilo y Bisfenol A.
",7268617000,7790416016278,,Máximo Brillo,Regular
Revlon,Esmalte para UÑAS,Esmalte para Uñas,Ultra HD,Revlon Ultra HD Snap!,Esmalte para Uñas,"¿Te gusta que tus uñas combinen con tu estilo y expresen tu estado de ánimo? Lográ en tus uñas un color intenso, ultrabrillante, de alta definición y de secado rápido con los nuevos esmaltes 100% veganos.

•	20 FREE: Más del 78% de ingredientes de origen natural.  
•	Brinda un color intenso en tan solo una pasada. 
•No se necesita aplicar dos capas de esmalte.
•	Fácil aplicación | Secado rápido.
•	Acabado ultrabrillante y de alta definición.","•Formulado sin productos químicos de uso común como: tolueno, xileno, ftalatos, formaldehído, resina de formaldehído, fosfato de trifenilo (TPP), alcanfor, tosilamida de etilo, hidroperóxido de terc-butilo.
•Fácil aplicación: El pincel de cerdas planas de 320 facilita la aplicación suave. 
•Envase y tapa ergonómica con mayor agarre, diseñada para una aplicación más cómoda. 
•La tapa se cierra con menos vueltas y más facilmente que en envases tradicionales.
•Fórmula de cuidado y fortalecimiento: con Manteca de Karité y botánicos verdes naturales (Extracto de Espinaca, Extracto de Palta/Aguacate, Extracto de Té Verde), Algas Rojas, Vitamina B, Vitamina E. 
",7262962032,309970145200,032,Birthday Suit,Regular
Revlon,Esmalte para uñas,Esmalte para uñas,Ultra HD,Revlon Ultra HD Snap!,Esmalte para uñas,"¿Te gusta que tus uñas combinen con tu estilo y expresen tu estado de ánimo? Lográ en tus uñas un color intenso, ultrabrillante, de alta definición y de secado rápido con los nuevos esmaltes 100% veganos.

•	20 FREE: Más del 78% de ingredientes de origen natural.  
•	Brinda un color intenso en tan solo una pasada. 
•No se necesita aplicar dos capas de esmalte.
•	Fácil aplicación | Secado rápido.
•	Acabado ultrabrillante y de alta definición.","•Formulado sin productos químicos de uso común como: tolueno, xileno, ftalatos, formaldehído, resina de formaldehído, fosfato de trifenilo (TPP), alcanfor, tosilamida de etilo, hidroperóxido de terc-butilo.
•Fácil aplicación: El pincel de cerdas planas de 320 facilita la aplicación suave. 
•Envase y tapa ergonómica con mayor agarre, diseñada para una aplicación más cómoda. 
•La tapa se cierra con menos vueltas y más facilmente que en envases tradicionales.
•Fórmula de cuidado y fortalecimiento: con Manteca de Karité y botánicos verdes naturales (Extracto de Espinaca, Extracto de Palta/Aguacate, Extracto de Té Verde), Algas Rojas, Vitamina B, Vitamina E. 
",7262962001,309970136239,001,Early Bird,Regular
Revlon,Esmalte para uñas,Esmalte para uñas,Ultra HD,Revlon Ultra HD Snap!,Esmalte para uñas,"¿Te gusta que tus uñas combinen con tu estilo y expresen tu estado de ánimo? Lográ en tus uñas un color intenso, ultrabrillante, de alta definición y de secado rápido con los nuevos esmaltes 100% veganos.

•	20 FREE: Más del 78% de ingredientes de origen natural.  
•	Brinda un color intenso en tan solo una pasada. 
•No se necesita aplicar dos capas de esmalte.
•	Fácil aplicación | Secado rápido.
•	Acabado ultrabrillante y de alta definición.","•Formulado sin productos químicos de uso común como: tolueno, xileno, ftalatos, formaldehído, resina de formaldehído, fosfato de trifenilo (TPP), alcanfor, tosilamida de etilo, hidroperóxido de terc-butilo.
•Fácil aplicación: El pincel de cerdas planas de 320 facilita la aplicación suave. 
•Envase y tapa ergonómica con mayor agarre, diseñada para una aplicación más cómoda. 
•La tapa se cierra con menos vueltas y más facilmente que en envases tradicionales.
•Fórmula de cuidado y fortalecimiento: con Manteca de Karité y botánicos verdes naturales (Extracto de Espinaca, Extracto de Palta/Aguacate, Extracto de Té Verde), Algas Rojas, Vitamina B, Vitamina E. 
",7262962007,309970136345,007,Hot Stuff,Regular
Revlon,Esmalte para uñas,Esmalte para uñas,Ultra HD,Revlon Ultra HD Snap!,Esmalte para uñas,"¿Te gusta que tus uñas combinen con tu estilo y expresen tu estado de ánimo? Lográ en tus uñas un color intenso, ultrabrillante, de alta definición y de secado rápido con los nuevos esmaltes 100% veganos.

•	20 FREE: Más del 78% de ingredientes de origen natural.  
•	Brinda un color intenso en tan solo una pasada. 
•No se necesita aplicar dos capas de esmalte.
•	Fácil aplicación | Secado rápido.
•	Acabado ultrabrillante y de alta definición.","•Formulado sin productos químicos de uso común como: tolueno, xileno, ftalatos, formaldehído, resina de formaldehído, fosfato de trifenilo (TPP), alcanfor, tosilamida de etilo, hidroperóxido de terc-butilo.
•Fácil aplicación: El pincel de cerdas planas de 320 facilita la aplicación suave. 
•Envase y tapa ergonómica con mayor agarre, diseñada para una aplicación más cómoda. 
•La tapa se cierra con menos vueltas y más facilmente que en envases tradicionales.
•Fórmula de cuidado y fortalecimiento: con Manteca de Karité y botánicos verdes naturales (Extracto de Espinaca, Extracto de Palta/Aguacate, Extracto de Té Verde), Algas Rojas, Vitamina B, Vitamina E. 
",7265028012,309970136420,012,Driven,Regular
Revlon,Esmalte para uñas,Esmalte para uñas,Ultra HD,Revlon Ultra HD Snap!,Esmalte para uñas,"¿Te gusta que tus uñas combinen con tu estilo y expresen tu estado de ánimo? Lográ en tus uñas un color intenso, ultrabrillante, de alta definición y de secado rápido con los nuevos esmaltes 100% veganos.

•	20 FREE: Más del 78% de ingredientes de origen natural.  
•	Brinda un color intenso en tan solo una pasada. 
•No se necesita aplicar dos capas de esmalte.
•	Fácil aplicación | Secado rápido.
•	Acabado ultrabrillante y de alta definición.","•Formulado sin productos químicos de uso común como: tolueno, xileno, ftalatos, formaldehído, resina de formaldehído, fosfato de trifenilo (TPP), alcanfor, tosilamida de etilo, hidroperóxido de terc-butilo.
•Fácil aplicación: El pincel de cerdas planas de 320 facilita la aplicación suave. 
•Envase y tapa ergonómica con mayor agarre, diseñada para una aplicación más cómoda. 
•La tapa se cierra con menos vueltas y más facilmente que en envases tradicionales.
•Fórmula de cuidado y fortalecimiento: con Manteca de Karité y botánicos verdes naturales (Extracto de Espinaca, Extracto de Palta/Aguacate, Extracto de Té Verde), Algas Rojas, Vitamina B, Vitamina E. 
",7265028026,309970139582,026,Under My Spell,Regular
Revlon,Esmalte para uñas,Esmalte para uñas,Ultra HD,Revlon Ultra HD Snap!,Esmalte para uñas,"¿Te gusta que tus uñas combinen con tu estilo y expresen tu estado de ánimo? Lográ en tus uñas un color intenso, ultrabrillante, de alta definición y de secado rápido con los nuevos esmaltes 100% veganos.

•	20 FREE: Más del 78% de ingredientes de origen natural.  
•	Brinda un color intenso en tan solo una pasada. 
•No se necesita aplicar dos capas de esmalte.
•	Fácil aplicación | Secado rápido.
•	Acabado ultrabrillante y de alta definición.","•Formulado sin productos químicos de uso común como: tolueno, xileno, ftalatos, formaldehído, resina de formaldehído, fosfato de trifenilo (TPP), alcanfor, tosilamida de etilo, hidroperóxido de terc-butilo.
•Fácil aplicación: El pincel de cerdas planas de 320 facilita la aplicación suave. 
•Envase y tapa ergonómica con mayor agarre, diseñada para una aplicación más cómoda. 
•La tapa se cierra con menos vueltas y más facilmente que en envases tradicionales.
•Fórmula de cuidado y fortalecimiento: con Manteca de Karité y botánicos verdes naturales (Extracto de Espinaca, Extracto de Palta/Aguacate, Extracto de Té Verde), Algas Rojas, Vitamina B, Vitamina E. 
",7262962030,309970139612,030,Cherry On Top,Regular
Revlon,Esmalte para uñas,Esmalte para uñas,Ultra HD,Revlon Ultra HD Snap!,Esmalte para uñas,"¿Te gusta que tus uñas combinen con tu estilo y expresen tu estado de ánimo? Lográ en tus uñas un color intenso, ultrabrillante, de alta definición y de secado rápido con los nuevos esmaltes 100% veganos.

•	20 FREE: Más del 78% de ingredientes de origen natural.  
•	Brinda un color intenso en tan solo una pasada. 
•No se necesita aplicar dos capas de esmalte.
•	Fácil aplicación | Secado rápido.
•	Acabado ultrabrillante y de alta definición.","•Formulado sin productos químicos de uso común como: tolueno, xileno, ftalatos, formaldehído, resina de formaldehído, fosfato de trifenilo (TPP), alcanfor, tosilamida de etilo, hidroperóxido de terc-butilo.
•Fácil aplicación: El pincel de cerdas planas de 320 facilita la aplicación suave. 
•Envase y tapa ergonómica con mayor agarre, diseñada para una aplicación más cómoda. 
•La tapa se cierra con menos vueltas y más facilmente que en envases tradicionales.
•Fórmula de cuidado y fortalecimiento: con Manteca de Karité y botánicos verdes naturales (Extracto de Espinaca, Extracto de Palta/Aguacate, Extracto de Té Verde), Algas Rojas, Vitamina B, Vitamina E. 
",7262962031,309970145194,031,She's on Fire,Regular
Revlon,Esmalte para uñas,Esmalte para uñas,Ultra HD,Revlon Ultra HD Snap!,Esmalte para uñas,"¿Te gusta que tus uñas combinen con tu estilo y expresen tu estado de ánimo? Lográ en tus uñas un color intenso, ultrabrillante, de alta definición y de secado rápido con los nuevos esmaltes 100% veganos.

•	20 FREE: Más del 78% de ingredientes de origen natural.  
•	Brinda un color intenso en tan solo una pasada. 
•No se necesita aplicar dos capas de esmalte.
•	Fácil aplicación | Secado rápido.
•	Acabado ultrabrillante y de alta definición.","•Formulado sin productos químicos de uso común como: tolueno, xileno, ftalatos, formaldehído, resina de formaldehído, fosfato de trifenilo (TPP), alcanfor, tosilamida de etilo, hidroperóxido de terc-butilo.
•Fácil aplicación: El pincel de cerdas planas de 320 facilita la aplicación suave. 
•Envase y tapa ergonómica con mayor agarre, diseñada para una aplicación más cómoda. 
•La tapa se cierra con menos vueltas y más facilmente que en envases tradicionales.
•Fórmula de cuidado y fortalecimiento: con Manteca de Karité y botánicos verdes naturales (Extracto de Espinaca, Extracto de Palta/Aguacate, Extracto de Té Verde), Algas Rojas, Vitamina B, Vitamina E. 
",7265028024,309970139568,024,So Shady,Regular
Revlon,Esmalte para uñas,Esmalte para uñas,Ultra HD,Revlon Ultra HD Snap!,Esmalte para uñas,"¿Te gusta que tus uñas combinen con tu estilo y expresen tu estado de ánimo? Lográ en tus uñas un color intenso, ultrabrillante, de alta definición y de secado rápido con los nuevos esmaltes 100% veganos.

•	20 FREE: Más del 78% de ingredientes de origen natural.  
•	Brinda un color intenso en tan solo una pasada. 
•No se necesita aplicar dos capas de esmalte.
•	Fácil aplicación | Secado rápido.
•	Acabado ultrabrillante y de alta definición.","•Formulado sin productos químicos de uso común como: tolueno, xileno, ftalatos, formaldehído, resina de formaldehído, fosfato de trifenilo (TPP), alcanfor, tosilamida de etilo, hidroperóxido de terc-butilo.
•Fácil aplicación: El pincel de cerdas planas de 320 facilita la aplicación suave. 
•Envase y tapa ergonómica con mayor agarre, diseñada para una aplicación más cómoda. 
•La tapa se cierra con menos vueltas y más facilmente que en envases tradicionales.
•Fórmula de cuidado y fortalecimiento: con Manteca de Karité y botánicos verdes naturales (Extracto de Espinaca, Extracto de Palta/Aguacate, Extracto de Té Verde), Algas Rojas, Vitamina B, Vitamina E. 
",7262962033,309970145187,033,Grounded,Regular
Revlon,Esmalte para uñas,Esmalte para uñas,Ultra HD,Revlon Ultra HD Snap!,Esmalte para uñas,"¿Te gusta que tus uñas combinen con tu estilo y expresen tu estado de ánimo? Lográ en tus uñas un color intenso, ultrabrillante, de alta definición y de secado rápido con los nuevos esmaltes 100% veganos.

•	20 FREE: Más del 78% de ingredientes de origen natural.  
•	Brinda un color intenso en tan solo una pasada. 
•No se necesita aplicar dos capas de esmalte.
•	Fácil aplicación | Secado rápido.
•	Acabado ultrabrillante y de alta definición.","•Formulado sin productos químicos de uso común como: tolueno, xileno, ftalatos, formaldehído, resina de formaldehído, fosfato de trifenilo (TPP), alcanfor, tosilamida de etilo, hidroperóxido de terc-butilo.
•Fácil aplicación: El pincel de cerdas planas de 320 facilita la aplicación suave. 
•Envase y tapa ergonómica con mayor agarre, diseñada para una aplicación más cómoda. 
•La tapa se cierra con menos vueltas y más facilmente que en envases tradicionales.
•Fórmula de cuidado y fortalecimiento: con Manteca de Karité y botánicos verdes naturales (Extracto de Espinaca, Extracto de Palta/Aguacate, Extracto de Té Verde), Algas Rojas, Vitamina B, Vitamina E. 
",7265028029,309970139605,029,Berry Blissed,Regular
Revlon,Esmalte para uñas,Esmalte para uñas,Ultra HD,Revlon Ultra HD Snap!,Esmalte para uñas,"¿Te gusta que tus uñas combinen con tu estilo y expresen tu estado de ánimo? Lográ en tus uñas un color intenso, ultrabrillante, de alta definición y de secado rápido con los nuevos esmaltes 100% veganos.

•	20 FREE: Más del 78% de ingredientes de origen natural.  
•	Brinda un color intenso en tan solo una pasada. 
•No se necesita aplicar dos capas de esmalte.
•	Fácil aplicación | Secado rápido.
•	Acabado ultrabrillante y de alta definición.","•Formulado sin productos químicos de uso común como: tolueno, xileno, ftalatos, formaldehído, resina de formaldehído, fosfato de trifenilo (TPP), alcanfor, tosilamida de etilo, hidroperóxido de terc-butilo.
•Fácil aplicación: El pincel de cerdas planas de 320 facilita la aplicación suave. 
•Envase y tapa ergonómica con mayor agarre, diseñada para una aplicación más cómoda. 
•La tapa se cierra con menos vueltas y más facilmente que en envases tradicionales.
•Fórmula de cuidado y fortalecimiento: con Manteca de Karité y botánicos verdes naturales (Extracto de Espinaca, Extracto de Palta/Aguacate, Extracto de Té Verde), Algas Rojas, Vitamina B, Vitamina E. 
",7265028018,309970139506,018,Keep Cool,Regular
Revlon,Esmalte para uñas,Esmalte para uñas,Ultra HD,Revlon Ultra HD Snap!,Esmalte para uñas,"Mezclar y combinar. Simple pero nunca aburrido! 
Conocé la nueva colección de tonos UHD Snap! Play Boldly. Colores intensos y ultrabrillantes para nunca aburrirte, de alta definición y secado rápido, 100 % veganos.

•	20 FREE: Más del 78% de ingredientes de origen natural  
•	Carga de pigmento de dos capas en una que brinda un color intenso. No se necesita aplicar dos capas de esmalte.
•	Fácil aplicación | Secado rápido.
•	Acabado Ultrabrillante y de alta definición.","•Formulado sin productos químicos de uso común como: tolueno, xileno, ftalatos, formaldehído, resina de formaldehído, fosfato de trifenilo (TPP), alcanfor, tosilamida de etilo, hidroperóxido de terc-butilo.
•Fácil aplicación: El pincel de cerdas planas de 320 facilita la aplicación suave. 
•Envase y tapa ergonómica con mayor agarre, diseñada para una aplicación más cómoda. 
•La tapa se cierra con menos vueltas y más facilmente que en envases tradicionales.
•Fórmula de cuidado y fortalecimiento: con Manteca de Karité y botánicos verdes naturales (Extracto de Espinaca, Extracto de Palta/Aguacate, Extracto de Té Verde), Algas Rojas, Vitamina B, Vitamina E. 
",7265028013,309970139452,013,Basic,Regular
Revlon,Esmalte para uñas,Esmalte para uñas,Ultra HD,Revlon Ultra HD Snap!,Esmalte para uñas,"Mezclar y combinar. Simple pero nunca aburrido! 
Conocé la nueva colección de tonos UHD Snap! Play Boldly. Colores intensos y ultrabrillantes para nunca aburrirte, de alta definición y secado rápido, 100 % veganos.

•	20 FREE: Más del 78% de ingredientes de origen natural  
•	Carga de pigmento de dos capas en una que brinda un color intenso. No se necesita aplicar dos capas de esmalte.
•	Fácil aplicación | Secado rápido.
•	Acabado Ultrabrillante y de alta definición.","•Formulado sin productos químicos de uso común como: tolueno, xileno, ftalatos, formaldehído, resina de formaldehído, fosfato de trifenilo (TPP), alcanfor, tosilamida de etilo, hidroperóxido de terc-butilo.
•Fácil aplicación: El pincel de cerdas planas de 320 facilita la aplicación suave. 
•Envase y tapa ergonómica con mayor agarre, diseñada para una aplicación más cómoda. 
•La tapa se cierra con menos vueltas y más facilmente que en envases tradicionales.
•Fórmula de cuidado y fortalecimiento: con Manteca de Karité y botánicos verdes naturales (Extracto de Espinaca, Extracto de Palta/Aguacate, Extracto de Té Verde), Algas Rojas, Vitamina B, Vitamina E. 
",7265028016,309970139483,016,Get Real,Regular
Revlon,Esmalte para uñas,Esmalte para uñas,Ultra HD,Revlon Ultra HD Snap!,Esmalte para uñas,"Mezclar y combinar. Simple pero nunca aburrido! 
Conocé la nueva colección de tonos UHD Snap! Play Boldly. Colores intensos y ultrabrillantes para nunca aburrirte, de alta definición y secado rápido, 100 % veganos.

•	20 FREE: Más del 78% de ingredientes de origen natural  
•	Carga de pigmento de dos capas en una que brinda un color intenso. No se necesita aplicar dos capas de esmalte.
•	Fácil aplicación | Secado rápido.
•	Acabado Ultrabrillante y de alta definición.","•Formulado sin productos químicos de uso común como: tolueno, xileno, ftalatos, formaldehído, resina de formaldehído, fosfato de trifenilo (TPP), alcanfor, tosilamida de etilo, hidroperóxido de terc-butilo.
•Fácil aplicación: El pincel de cerdas planas de 320 facilita la aplicación suave. 
•Envase y tapa ergonómica con mayor agarre, diseñada para una aplicación más cómoda. 
•La tapa se cierra con menos vueltas y más facilmente que en envases tradicionales.
•Fórmula de cuidado y fortalecimiento: con Manteca de Karité y botánicos verdes naturales (Extracto de Espinaca, Extracto de Palta/Aguacate, Extracto de Té Verde), Algas Rojas, Vitamina B, Vitamina E. 
Tonos disponibles",7265028022,309970139544,022,Commander in Chief,Disponible hasta agotar stock
Revlon,Esmalte para uñas,Esmalte para uñas,Ultra HD,Revlon Ultra HD Snap!,Esmalte para uñas,"Mezclar y combinar. Simple pero nunca aburrido! 
Conocé la nueva colección de tonos UHD Snap! Play Boldly. Colores intensos y ultrabrillantes para nunca aburrirte, de alta definición y secado rápido, 100 % veganos.

•	20 FREE: Más del 78% de ingredientes de origen natural  
•	Carga de pigmento de dos capas en una que brinda un color intenso. No se necesita aplicar dos capas de esmalte.
•	Fácil aplicación | Secado rápido.
•	Acabado Ultrabrillante y de alta definición.","•Formulado sin productos químicos de uso común como: tolueno, xileno, ftalatos, formaldehído, resina de formaldehído, fosfato de trifenilo (TPP), alcanfor, tosilamida de etilo, hidroperóxido de terc-butilo.
•Fácil aplicación: El pincel de cerdas planas de 320 facilita la aplicación suave. 
•Envase y tapa ergonómica con mayor agarre, diseñada para una aplicación más cómoda. 
•La tapa se cierra con menos vueltas y más facilmente que en envases tradicionales.
•Fórmula de cuidado y fortalecimiento: con Manteca de Karité y botánicos verdes naturales (Extracto de Espinaca, Extracto de Palta/Aguacate, Extracto de Té Verde), Algas Rojas, Vitamina B, Vitamina E. 
",7265028002,309970136253,002,Makin the Most,Disponible hasta agotar stock
Revlon,Esmalte para uñas,Esmalte para uñas,Ultra HD,Revlon Ultra HD Snap!,Esmalte para uñas,"Mezclar y combinar. Simple pero nunca aburrido! 
Conocé la nueva colección de tonos UHD Snap! Play Boldly. Colores intensos y ultrabrillantes para nunca aburrirte, de alta definición y secado rápido, 100 % veganos.

•	20 FREE: Más del 78% de ingredientes de origen natural  
•	Carga de pigmento de dos capas en una que brinda un color intenso. No se necesita aplicar dos capas de esmalte.
•	Fácil aplicación | Secado rápido.
•	Acabado Ultrabrillante y de alta definición.","•Formulado sin productos químicos de uso común como: tolueno, xileno, ftalatos, formaldehído, resina de formaldehído, fosfato de trifenilo (TPP), alcanfor, tosilamida de etilo, hidroperóxido de terc-butilo.
•Fácil aplicación: El pincel de cerdas planas de 320 facilita la aplicación suave. 
•Envase y tapa ergonómica con mayor agarre, diseñada para una aplicación más cómoda. 
•La tapa se cierra con menos vueltas y más facilmente que en envases tradicionales.
•Fórmula de cuidado y fortalecimiento: con Manteca de Karité y botánicos verdes naturales (Extracto de Espinaca, Extracto de Palta/Aguacate, Extracto de Té Verde), Algas Rojas, Vitamina B, Vitamina E. 
",7265028027,309970139599,027,Think Pink,Disponible hasta agotar stock
Revlon,Esmalte para uñas,Esmalte para uñas,Ultra HD,Revlon Ultra HD Snap!,Esmalte para uñas,"Mezclar y combinar. Simple pero nunca aburrido! 
Conocé la nueva colección de tonos UHD Snap! Play Boldly. Colores intensos y ultrabrillantes para nunca aburrirte, de alta definición y secado rápido, 100 % veganos.

•	20 FREE: Más del 78% de ingredientes de origen natural  
•	Carga de pigmento de dos capas en una que brinda un color intenso. No se necesita aplicar dos capas de esmalte.
•	Fácil aplicación | Secado rápido.
•	Acabado Ultrabrillante y de alta definición.","•Formulado sin productos químicos de uso común como: tolueno, xileno, ftalatos, formaldehído, resina de formaldehído, fosfato de trifenilo (TPP), alcanfor, tosilamida de etilo, hidroperóxido de terc-butilo.
•Fácil aplicación: El pincel de cerdas planas de 320 facilita la aplicación suave. 
•Envase y tapa ergonómica con mayor agarre, diseñada para una aplicación más cómoda. 
•La tapa se cierra con menos vueltas y más facilmente que en envases tradicionales.
•Fórmula de cuidado y fortalecimiento: con Manteca de Karité y botánicos verdes naturales (Extracto de Espinaca, Extracto de Palta/Aguacate, Extracto de Té Verde), Algas Rojas, Vitamina B, Vitamina E. 
",7265028009,309970136376,009,No Drama,Disponible hasta agotar stock
Revlon,Esmalte para uñas,Esmalte para uñas,Ultra HD,Revlon Ultra HD Snap!,Esmalte para uñas,"Mezclar y combinar. Simple pero nunca aburrido! 
Conocé la nueva colección de tonos UHD Snap! Play Boldly. Colores intensos y ultrabrillantes para nunca aburrirte, de alta definición y secado rápido, 100 % veganos.

•	20 FREE: Más del 78% de ingredientes de origen natural  
•	Carga de pigmento de dos capas en una que brinda un color intenso. No se necesita aplicar dos capas de esmalte.
•	Fácil aplicación | Secado rápido.
•	Acabado Ultrabrillante y de alta definición.","•Formulado sin productos químicos de uso común como: tolueno, xileno, ftalatos, formaldehído, resina de formaldehído, fosfato de trifenilo (TPP), alcanfor, tosilamida de etilo, hidroperóxido de terc-butilo.
•Fácil aplicación: El pincel de cerdas planas de 320 facilita la aplicación suave. 
•Envase y tapa ergonómica con mayor agarre, diseñada para una aplicación más cómoda. 
•La tapa se cierra con menos vueltas y más facilmente que en envases tradicionales.
•Fórmula de cuidado y fortalecimiento: con Manteca de Karité y botánicos verdes naturales (Extracto de Espinaca, Extracto de Palta/Aguacate, Extracto de Té Verde), Algas Rojas, Vitamina B, Vitamina E. 
",7265028028,309970139629,028,Rule the World,Disponible hasta agotar stock
Revlon,Esmalte para uñas,Esmalte para uñas,Ultra HD,Revlon Ultra HD Snap!,Esmalte para uñas,"Mezclar y combinar. Simple pero nunca aburrido! 
Conocé la nueva colección de tonos UHD Snap! Play Boldly. Colores intensos y ultrabrillantes para nunca aburrirte, de alta definición y secado rápido, 100 % veganos.

•	20 FREE: Más del 78% de ingredientes de origen natural  
•	Carga de pigmento de dos capas en una que brinda un color intenso. No se necesita aplicar dos capas de esmalte.
•	Fácil aplicación | Secado rápido.
•	Acabado Ultrabrillante y de alta definición.","•Formulado sin productos químicos de uso común como: tolueno, xileno, ftalatos, formaldehído, resina de formaldehído, fosfato de trifenilo (TPP), alcanfor, tosilamida de etilo, hidroperóxido de terc-butilo.
•Fácil aplicación: El pincel de cerdas planas de 320 facilita la aplicación suave. 
•Envase y tapa ergonómica con mayor agarre, diseñada para una aplicación más cómoda. 
•La tapa se cierra con menos vueltas y más facilmente que en envases tradicionales.
•Fórmula de cuidado y fortalecimiento: con Manteca de Karité y botánicos verdes naturales (Extracto de Espinaca, Extracto de Palta/Aguacate, Extracto de Té Verde), Algas Rojas, Vitamina B, Vitamina E. 
",7265028004,309970136284,004,Blue My Mind,Disponible hasta agotar stock
Revlon,Esmalte para uñas,Esmalte para uñas,Ultra HD,Revlon Ultra HD Snap!,Esmalte para uñas,"Mezclar y combinar. Simple pero nunca aburrido! 
Conocé la nueva colección de tonos UHD Snap! Play Boldly. Colores intensos y ultrabrillantes para nunca aburrirte, de alta definición y secado rápido, 100 % veganos.

•	20 FREE: Más del 78% de ingredientes de origen natural  
•	Carga de pigmento de dos capas en una que brinda un color intenso. No se necesita aplicar dos capas de esmalte.
•	Fácil aplicación | Secado rápido.
•	Acabado Ultrabrillante y de alta definición.","•Formulado sin productos químicos de uso común como: tolueno, xileno, ftalatos, formaldehído, resina de formaldehído, fosfato de trifenilo (TPP), alcanfor, tosilamida de etilo, hidroperóxido de terc-butilo.
•Fácil aplicación: El pincel de cerdas planas de 320 facilita la aplicación suave. 
•Envase y tapa ergonómica con mayor agarre, diseñada para una aplicación más cómoda. 
•La tapa se cierra con menos vueltas y más facilmente que en envases tradicionales.
•Fórmula de cuidado y fortalecimiento: con Manteca de Karité y botánicos verdes naturales (Extracto de Espinaca, Extracto de Palta/Aguacate, Extracto de Té Verde), Algas Rojas, Vitamina B, Vitamina E. 
",7265028003,309970136277,003,Bright Side,Disponible hasta agotar stock
Revlon,Esmalte para uñas,Esmalte para uñas,Ultra HD,Revlon Ultra HD Snap!,Esmalte para uñas,"Mezclar y combinar. Simple pero nunca aburrido! 
Conocé la nueva colección de tonos UHD Snap! Play Boldly. Colores intensos y ultrabrillantes para nunca aburrirte, de alta definición y secado rápido, 100 % veganos.

•	20 FREE: Más del 78% de ingredientes de origen natural  
•	Carga de pigmento de dos capas en una que brinda un color intenso. No se necesita aplicar dos capas de esmalte.
•	Fácil aplicación | Secado rápido.
•	Acabado Ultrabrillante y de alta definición.","•Formulado sin productos químicos de uso común como: tolueno, xileno, ftalatos, formaldehído, resina de formaldehído, fosfato de trifenilo (TPP), alcanfor, tosilamida de etilo, hidroperóxido de terc-butilo.
•Fácil aplicación: El pincel de cerdas planas de 320 facilita la aplicación suave. 
•Envase y tapa ergonómica con mayor agarre, diseñada para una aplicación más cómoda. 
•La tapa se cierra con menos vueltas y más facilmente que en envases tradicionales.
•Fórmula de cuidado y fortalecimiento: con Manteca de Karité y botánicos verdes naturales (Extracto de Espinaca, Extracto de Palta/Aguacate, Extracto de Té Verde), Algas Rojas, Vitamina B, Vitamina E. 
",7265028023,309970139551,23,Daredevil,Regular
Revlon,Esmalte para uñas,Esmalte para uñas,Ultra HD,Revlon Ultra HD Snap!,Esmalte para uñas,"Mezclar y combinar. Simple pero nunca aburrido! 
Conocé la nueva colección de tonos UHD Snap! Play Boldly. Colores intensos y ultrabrillantes para nunca aburrirte, de alta definición y secado rápido, 100 % veganos.

•	20 FREE: Más del 78% de ingredientes de origen natural  
•	Carga de pigmento de dos capas en una que brinda un color intenso. No se necesita aplicar dos capas de esmalte.
•	Fácil aplicación | Secado rápido.
•	Acabado Ultrabrillante y de alta definición.","•Formulado sin productos químicos de uso común como: tolueno, xileno, ftalatos, formaldehído, resina de formaldehído, fosfato de trifenilo (TPP), alcanfor, tosilamida de etilo, hidroperóxido de terc-butilo.
•Fácil aplicación: El pincel de cerdas planas de 320 facilita la aplicación suave. 
•Envase y tapa ergonómica con mayor agarre, diseñada para una aplicación más cómoda. 
•La tapa se cierra con menos vueltas y más facilmente que en envases tradicionales.
•Fórmula de cuidado y fortalecimiento: con Manteca de Karité y botánicos verdes naturales (Extracto de Espinaca, Extracto de Palta/Aguacate, Extracto de Té Verde), Algas Rojas, Vitamina B, Vitamina E. 
",7265028014,309970139469,014,Red and Real,Regular
Cutex,Esmalte para UÑAS,Esmalte para Uñas,Cutex,Cutex Esmalte de Uñas,Cutex Esmalte de Uñas Gris Luminé,"•	Fórmula Hipoalergénica.
•	Nuevos tonos disponibles 
•	Pincel Plano para una mayor cobertura en la uña. Súper práctico y fácil de usar, permite una aplicación perfecta, sin dejar rastros y en una sola pasada.
•	AHORA 16 FREE
•	Libre de crueldad animal 
•	Fórmula 100% vegana.
•	Libre de Formaldehído, Resina de Formaldehído, Tolueno, Xileno, Acetona, Ftalatos, Alcanfor, Parabenos, Ingredientes de origen animal, Sulfatos, Fosfato de Trifenilo y Bisfenol A.","•	Envase de 6ml.
•	Variedad de tonos disponibles.
•	Brinda color y protección en la uña.
",7265164053,7790416013833,053,Gris Luminé,Regular
Cutex,Esmalte para UÑAS,Esmalte para Uñas,Cutex,Cutex Esmalte de Uñas,Cutex Esmalte de Uñas Gotas de Mar,"•	Fórmula Hipoalergénica.
•	Nuevos tonos disponibles 
•	Pincel Plano para una mayor cobertura en la uña. Súper práctico y fácil de usar, permite una aplicación perfecta, sin dejar rastros y en una sola pasada.
•	AHORA 16 FREE
•	Libre de crueldad animal 
•	Fórmula 100% vegana.
•	Libre de Formaldehído, Resina de Formaldehído, Tolueno, Xileno, Acetona, Ftalatos, Alcanfor, Parabenos, Ingredientes de origen animal, Sulfatos, Fosfato de Trifenilo y Bisfenol A.","•	Envase de 6ml.
•	Variedad de tonos disponibles.
•	Brinda color y protección en la uña.
",7265164054,7790416013840,054,Gotas de mar,Regular
Cutex,Esmalte para UÑAS,Esmalte para Uñas,Cutex,Cutex Esmalte de Uñas,Cutex Esmalte de Uñas Cacao Rubí,"•	Fórmula Hipoalergénica.
•	Nuevos tonos disponibles 
•	Pincel Plano para una mayor cobertura en la uña. Súper práctico y fácil de usar, permite una aplicación perfecta, sin dejar rastros y en una sola pasada.
•	AHORA 16 FREE
•	Libre de crueldad animal 
•	Fórmula 100% vegana.
•	Libre de Formaldehído, Resina de Formaldehído, Tolueno, Xileno, Acetona, Ftalatos, Alcanfor, Parabenos, Ingredientes de origen animal, Sulfatos, Fosfato de Trifenilo y Bisfenol A.","•	Envase de 6ml.
•	Variedad de tonos disponibles.
•	Brinda color y protección en la uña.
",7265164055,7790416013857,055,Cacao Rubí,Regular
Cutex,Tratamiento para uñas,Tratamiento para Uñas,Cutex,Cutex Quick Dry,Cutex Quick Dry,"Quick Dry: Top Coat / capa protectora de secado rápido. Otorga Brillo y Protección a la uña
•	Fórmula Hipoalergénica.","•	Envase de 6 ml.
•Fórmula Hipoalergénica.
•	Pincel Plano para una mayor cobertura en la uña. Súper práctico y fácil de usar, permite una aplicación perfecta, sin dejar rastros y en una sola pasada.
•	AHORA 16 FREE
•	Libre de crueldad animal 
•	Fórmula 100% vegana.
•	Libre de Formaldehído, Resina de Formaldehído, Tolueno, Xileno, Acetona, Ftalatos, Alcanfor, Parabenos, Ingredientes de origen animal, Sulfatos, Fosfato de Trifenilo y Bisfenol A.
",7266705000,7790416011853,000,Quick Dry,Regular
Cutex,Esmalte para UÑAS,Esmalte para Uñas,Cutex,Cutex Esmalte de Uñas,Cutex Esmalte de Uñas Rosa Cristal,"•	Fórmula Hipoalergénica.
•	Nuevos tonos disponibles 
•	Pincel Plano para una mayor cobertura en la uña. Súper práctico y fácil de usar, permite una aplicación perfecta, sin dejar rastros y en una sola pasada.
•	AHORA 16 FREE
•	Libre de crueldad animal 
•	Fórmula 100% vegana.
•	Libre de Formaldehído, Resina de Formaldehído, Tolueno, Xileno, Acetona, Ftalatos, Alcanfor, Parabenos, Ingredientes de origen animal, Sulfatos, Fosfato de Trifenilo y Bisfenol A.","•	Envase de 6ml.
•	Variedad de tonos disponibles.
•	Brinda color y protección en la uña.
",7268625023,7790416016407,023,Rosa Cristal,Regular
Cutex,Esmalte para UÑAS,Esmalte para Uñas,Cutex,Cutex Esmalte de Uñas,Cutex Esmalte de Uñas Toque Fresa,"•	Fórmula Hipoalergénica.
•	Nuevos tonos disponibles 
•	Pincel Plano para una mayor cobertura en la uña. Súper práctico y fácil de usar, permite una aplicación perfecta, sin dejar rastros y en una sola pasada.
•	AHORA 16 FREE
•	Libre de crueldad animal 
•	Fórmula 100% vegana.
•	Libre de Formaldehído, Resina de Formaldehído, Tolueno, Xileno, Acetona, Ftalatos, Alcanfor, Parabenos, Ingredientes de origen animal, Sulfatos, Fosfato de Trifenilo y Bisfenol A.","•	Envase de 6ml.
•	Variedad de tonos disponibles.
•	Brinda color y protección en la uña.
",7268625056,7790416016513,056,Toque Fresa,Regular
Cutex,Esmalte para UÑAS,Esmalte para Uñas,Cutex,Cutex Esmalte de Uñas,Cutex Esmalte de Uñas Amor,"•	Fórmula Hipoalergénica.
•	Nuevos tonos disponibles 
•	Pincel Plano para una mayor cobertura en la uña. Súper práctico y fácil de usar, permite una aplicación perfecta, sin dejar rastros y en una sola pasada.
•	AHORA 16 FREE
•	Libre de crueldad animal 
•	Fórmula 100% vegana.
•	Libre de Formaldehído, Resina de Formaldehído, Tolueno, Xileno, Acetona, Ftalatos, Alcanfor, Parabenos, Ingredientes de origen animal, Sulfatos, Fosfato de Trifenilo y Bisfenol A.","•	Envase de 6ml.
•	Variedad de tonos disponibles.
•	Brinda color y protección en la uña.
",7268625057,7790416016520,057,Amor,Regular
Cutex,Esmalte para UÑAS,Esmalte para Uñas,Cutex,Cutex Esmalte de Uñas,Cutex Esmalte de Uñas Coral Glam,"•	Fórmula Hipoalergénica.
•	Nuevos tonos disponibles 
•	Pincel Plano para una mayor cobertura en la uña. Súper práctico y fácil de usar, permite una aplicación perfecta, sin dejar rastros y en una sola pasada.
•	AHORA 16 FREE
•	Libre de crueldad animal 
•	Fórmula 100% vegana.
•	Libre de Formaldehído, Resina de Formaldehído, Tolueno, Xileno, Acetona, Ftalatos, Alcanfor, Parabenos, Ingredientes de origen animal, Sulfatos, Fosfato de Trifenilo y Bisfenol A.","•	Envase de 6ml.
•	Variedad de tonos disponibles.
•	Brinda color y protección en la uña.
",7268625058,7790416016537,058,Coral Glam,Regular
Cutex,Esmalte para UÑAS,Esmalte para Uñas,Cutex,Cutex Esmalte de Uñas,"Cutex Esmalte de Uñas Libertad
","•Fórmula Hipoalergénica.
•Pincel Plano para una mayor cobertura en la uña. Súper práctico y fácil de usar, permite una aplicación perfecta, sin dejar rastros y en una sola pasada.
•Fórmula 16 Free, libre de 16 ingredientes que son dañinos para tus uñas. 
•Libre de crueldad animal 
•Fórmula 100% vegana.
","•Tonos e ingredientes inspirados en la naturaleza
•Su fórmula es libre de 16 ingredientes que son dañinos para tus uñas. 
•Pincel plano que permite una aplicación perfecta, sin rastros, en una sola pasada.
•Variedad de tonos disponibles.

",7268625059,7790416016643,059,Libertad,Regular
Cutex,Esmalte para UÑAS,Esmalte para Uñas,Cutex,Cutex Esmalte de Uñas,"Cutex Esmalte de Uñas Azul Profundo
","•Fórmula Hipoalergénica.
•Pincel Plano para una mayor cobertura en la uña. Súper práctico y fácil de usar, permite una aplicación perfecta, sin dejar rastros y en una sola pasada.
•Fórmula 16 Free, libre de 16 ingredientes que son dañinos para tus uñas. 
•Libre de crueldad animal 
•Fórmula 100% vegana.","•Tonos e ingredientes inspirados en la naturaleza
•Su fórmula es libre de 16 ingredientes que son dañinos para tus uñas. 
•Pincel plano que permite una aplicación perfecta, sin rastros, en una sola pasada.
•Variedad de tonos disponibles.

",7268625060,7790416016650,060,Azul Profundo,Regular
Cutex,Esmalte para UÑAS,Esmalte para Uñas,Cutex,Cutex Esmalte de Uñas,"Cutex Esmalte de Uñas Encanto
","•Fórmula Hipoalergénica.
•Pincel Plano para una mayor cobertura en la uña. Súper práctico y fácil de usar, permite una aplicación perfecta, sin dejar rastros y en una sola pasada.
•Fórmula 16 Free, libre de 16 ingredientes que son dañinos para tus uñas. 
•Libre de crueldad animal 
•Fórmula 100% vegana.","•Tonos e ingredientes inspirados en la naturaleza
•Su fórmula es libre de 16 ingredientes que son dañinos para tus uñas. 
•Pincel plano que permite una aplicación perfecta, sin rastros, en una sola pasada.
•Variedad de tonos disponibles.

",7268625061,7790416016667,061,Encanto,Regular
Cutex,Esmalte para UÑAS,Esmalte para Uñas,Cutex,Cutex Esmalte de Uñas,"Cutex Color Duo Pack Celebración Rosa 
","Nuevo Pack Duo de Cutex! COLOR + GLITTER
Combina tu color favorito con Glitter. Jugá, diseñá y brillá intensamente con el nuevo pack dúo de Cutex.
Súmale color y protección en la uña. Lográ una mejor cobertura con nuestro pincel plano súper práctico y fácil de usar, que te permite lograr una aplicación perfecta, sin dejar rastros y en una sola pasada.
Tip de aplicación: Aplicar 2 capas para obtener el color deseado""
","•Pack x 2 envases de 6ml.
•Fórmula Hipoalergénica, 
•100% Vegana,
•Libre de crueldad animal.
•16 Free | Libre de: Formaldehído, Resina de Formaldehído, Tolueno, Xileno, Acetona, Ftalatos, Alcanfor, Parabenos, Etil Tosilamida, Fosfato de Trifenilo, Estireno, Bisfenol A, Nonilfenoletoxilato, Sulfatos, Ingredientes de origen animal, Fragancia.
",7269960062,7790416018463,,Celebración Rosa,OTO
Cutex,Esmalte para UÑAS,Esmalte para Uñas,Cutex,Cutex Esmalte de Uñas,Cutex Color Duo Pack Noche Estrellada,"Nuevo Pack Duo de Cutex! COLOR + GLITTER
Combina tu color favorito con Glitter. Jugá, diseñá y brillá intensamente con el nuevo pack dúo de Cutex.
Súmale color y protección en la uña. Lográ una mejor cobertura con nuestro pincel plano súper práctico y fácil de usar, que te permite lograr una aplicación perfecta, sin dejar rastros y en una sola pasada.
Tip de aplicación: Aplicar 2 capas para obtener el color deseado
","•Pack x 2 envases de 6ml.
•Fórmula Hipoalergénica, 
•100% Vegana,
•Libre de crueldad animal.
•16 Free | Libre de: Formaldehído, Resina de Formaldehído, Tolueno, Xileno, Acetona, Ftalatos, Alcanfor, Parabenos, Etil Tosilamida, Fosfato de Trifenilo, Estireno, Bisfenol A, Nonilfenoletoxilato, Sulfatos, Ingredientes de origen animal, Fragancia.
",7269960063,7790416018470,,Noche Estrellada,OTO
Cutex,Esmalte para UÑAS,Esmalte para Uñas,Cutex,Cutex Esmalte de Uñas,Cutex Esmalte de uñas Lavanda,"Esmalte de uñas que brinda color y protección en la uña.
Pincel Plano para una mayor cobertura. 
Súper práctico y fácil de usar, permite una aplicación perfecta, sin dejar rastros y en una sola pasada.
Tip de aplicación: Aplicar 2 capas para obtener el color deseado.  
","•Fórmula Hipoalergénica.
•Envase de 6 ml. 
•Pincel Plano para una mayor cobertura en la uña. 
Super práctico y fácil de usar, permite una aplicación perfecta, sin dejar rastros y en una sola pasada.
•Aplicar 2 capas para obtener el color deseado.  
•16 FREE.
•Libre de crueldad animal. 
•Fórmula 100 % vegana.
•Libre de: Formaldehído, Resina de Formaldehído, Tolueno, Xileno, Acetona, Ftalatos, Alcanfor, Parabenos, Etil Tosilamida, Fosfato de Trifenilo, Estireno, Bisfenol A, Nonilfenoletoxilato, Sulfatos, Ingredientes de origen animal, Fragancia.
",7268625062,7790416018494,062,Lavanda,NEW
Cutex,Esmalte para UÑAS,Esmalte para Uñas,Cutex,Cutex Esmalte de Uñas,Cutex Esmalte de uñas Plata,"Esmalte de uñas que brinda color y protección en la uña.
Pincel Plano para una mayor cobertura. 
Súper práctico y fácil de usar, permite una aplicación perfecta, sin dejar rastros y en una sola pasada.
Tip de aplicación: Aplicar 2 capas para obtener el color deseado.  
""","•Fórmula Hipoalergénica.
•Envase de 6 ml. 
•Pincel Plano para una mayor cobertura en la uña. 
Super práctico y fácil de usar, permite una aplicación perfecta, sin dejar rastros y en una sola pasada.
•Aplicar 2 capas para obtener el color deseado.  
•16 FREE.
•Libre de crueldad animal. 
•Fórmula 100 % vegana.
•Libre de: Formaldehído, Resina de Formaldehído, Tolueno, Xileno, Acetona, Ftalatos, Alcanfor, Parabenos, Etil Tosilamida, Fosfato de Trifenilo, Estireno, Bisfenol A, Nonilfenoletoxilato, Sulfatos, Ingredientes de origen animal, Fragancia.
",7268625063,7790416018500,063,Plata,NEW
Cutex,Esmalte para UÑAS,Esmalte para Uñas,Cutex,Cutex Esmalte de Uñas,Cutex Esmalte de uñas Emperatriz,"Esmalte de uñas que brinda color y protección en la uña.
Pincel Plano para una mayor cobertura. 
Súper práctico y fácil de usar, permite una aplicación perfecta, sin dejar rastros y en una sola pasada.
Tip de aplicación: Aplicar 2 capas para obtener el color deseado.  
""","•Fórmula Hipoalergénica.
•Envase de 6 ml. 
•Pincel Plano para una mayor cobertura en la uña. 
Super práctico y fácil de usar, permite una aplicación perfecta, sin dejar rastros y en una sola pasada.
•Aplicar 2 capas para obtener el color deseado.  
•16 FREE.
•Libre de crueldad animal. 
•Fórmula 100 % vegana.
•Libre de: Formaldehído, Resina de Formaldehído, Tolueno, Xileno, Acetona, Ftalatos, Alcanfor, Parabenos, Etil Tosilamida, Fosfato de Trifenilo, Estireno, Bisfenol A, Nonilfenoletoxilato, Sulfatos, Ingredientes de origen animal, Fragancia.
",7268625064,7790416018517,064,Emperatriz,NEW
Cutex,Esmalte para UÑAS,Esmalte para Uñas,Cutex,Cutex Esmalte de Uñas,Cutex Esmalte de uñas Impulso,"Esmalte de uñas que brinda color y protección en la uña.
Pincel Plano para una mayor cobertura. 
Súper práctico y fácil de usar, permite una aplicación perfecta, sin dejar rastros y en una sola pasada.
Tip de aplicación: Aplicar 2 capas para obtener el color deseado.  
""","•Fórmula Hipoalergénica.
•Envase de 6 ml. 
•Pincel Plano para una mayor cobertura en la uña. 
Super práctico y fácil de usar, permite una aplicación perfecta, sin dejar rastros y en una sola pasada.
•Aplicar 2 capas para obtener el color deseado.  
•16 FREE.
•Libre de crueldad animal. 
•Fórmula 100 % vegana.
•Libre de: Formaldehído, Resina de Formaldehído, Tolueno, Xileno, Acetona, Ftalatos, Alcanfor, Parabenos, Etil Tosilamida, Fosfato de Trifenilo, Estireno, Bisfenol A, Nonilfenoletoxilato, Sulfatos, Ingredientes de origen animal, Fragancia.
",7268625065,7790416018524,065,Impulso,NEW
Cutex,Tratamiento para uñas,Tratamiento para Uñas,Cutex,Cutex Tratamiento,"Cutex Tratamiento Base Endurecedora
","Tratamiento formulado para ayudar a fortalecer uñas débiles y quebradizas.
Pincel Plano para una mayor cobertura. 
Súper práctico y fácil de usar, permite una aplicación perfecta, sin dejar rastros y en una sola pasada.
Tip de aplicación: Aplicar 2 capas para obtener el color deseado.  
","•Tratamiento formulado para ayudar a fortalecer uñas débiles y quebradizas, con extracto oleoso de Ajo y Limón + Pantenol.
•Ayuda a fortalecer las uñas débiles.
•Podes utilizarlo solo o como base antes del esmalte color.
•Contiene Extracto oleoso de Ajo y Limón
•Pantenol: ayuda a reparar y proteger tus uñas.
•Libre de crueldad animal. 
•Fórmula 100 % vegana.""
",7269961000,7790416018487,,Base Endurecedora,NEW
Cutex,Tratamiento para uñas,Tratamiento para Uñas,Cutex,Cutex Tratamiento,"Cutex Tratamiento Quick Dry
","Quick Dry: Top Coat / capa protectora de secado rápido. 
Otorga Brillo y Protección a la uña
Fórmula Hipoalergénica.
","Pincel Plano para una mayor cobertura en la uña. 
Súper práctico y fácil de usar, permite una aplicación perfecta, sin dejar rastros y en una sola pasada.
AHORA 12 FREE
Libre de crueldad animal 
Fórmula 100% vegana.""
",7266705000,7790416013864,000,Quick Dry,Regular
Revlon Cosmetics,Esmalte para uñas,Esmalte para uñas,Ultra HD,Revlon Ultra HD Snap! Nail Polish,Esmalte para uñas,"Mezclar y combinar. Simple pero nunca aburrido! 
Conocé la nueva colección de tonos UHD Snap! Play Boldly. Colores intensos y ultrabrillantes para nunca aburrirte, de alta definición y secado rápido, 100 % veganos.

•	20 FREE: Más del 78% de ingredientes de origen natural  
•	Carga de pigmento de dos capas en una que brinda un color intenso. No se necesita aplicar dos capas de esmalte.
•	Fácil aplicación | Secado rápido.
•	Acabado Ultrabrillante y de alta definición.","•Formulado sin productos químicos de uso común como: tolueno, xileno, ftalatos, formaldehído, resina de formaldehído, fosfato de trifenilo (TPP), alcanfor, tosilamida de etilo, hidroperóxido de terc-butilo.
•Fácil aplicación: El pincel de cerdas planas de 320 facilita la aplicación suave. 
•Envase y tapa ergonómica con mayor agarre, diseñada para una aplicación más cómoda. 
•La tapa se cierra con menos vueltas y más facilmente que en envases tradicionales.
•Fórmula de cuidado y fortalecimiento: con Manteca de Karité y botánicos verdes naturales (Extracto de Espinaca, Extracto de Palta/Aguacate, Extracto de Té Verde), Algas Rojas, Vitamina B, Vitamina E. 
",7265028009,309970136376,009,No Drama,OTO 2023
Revlon Cosmetics,Esmalte para uñas,Esmalte para uñas,Ultra HD,Revlon Ultra HD Snap! Nail Polish,Esmalte para uñas,"Mezclar y combinar. Simple pero nunca aburrido! 
Conocé la nueva colección de tonos UHD Snap! Play Boldly. Colores intensos y ultrabrillantes para nunca aburrirte, de alta definición y secado rápido, 100 % veganos.

•	20 FREE: Más del 78% de ingredientes de origen natural  
•	Carga de pigmento de dos capas en una que brinda un color intenso. No se necesita aplicar dos capas de esmalte.
•	Fácil aplicación | Secado rápido.
•	Acabado Ultrabrillante y de alta definición.","•Formulado sin productos químicos de uso común como: tolueno, xileno, ftalatos, formaldehído, resina de formaldehído, fosfato de trifenilo (TPP), alcanfor, tosilamida de etilo, hidroperóxido de terc-butilo.
•Fácil aplicación: El pincel de cerdas planas de 320 facilita la aplicación suave. 
•Envase y tapa ergonómica con mayor agarre, diseñada para una aplicación más cómoda. 
•La tapa se cierra con menos vueltas y más facilmente que en envases tradicionales.
•Fórmula de cuidado y fortalecimiento: con Manteca de Karité y botánicos verdes naturales (Extracto de Espinaca, Extracto de Palta/Aguacate, Extracto de Té Verde), Algas Rojas, Vitamina B, Vitamina E. 
",7265028028,309970139629,028,Rule the World,OTO 2023
Revlon Cosmetics,Esmalte para uñas,Esmalte para uñas,Ultra HD,Revlon Ultra HD Snap! Nail Polish,Esmalte para uñas,"Mezclar y combinar. Simple pero nunca aburrido! 
Conocé la nueva colección de tonos UHD Snap! Play Boldly. Colores intensos y ultrabrillantes para nunca aburrirte, de alta definición y secado rápido, 100 % veganos.

•	20 FREE: Más del 78% de ingredientes de origen natural  
•	Carga de pigmento de dos capas en una que brinda un color intenso. No se necesita aplicar dos capas de esmalte.
•	Fácil aplicación | Secado rápido.
•	Acabado Ultrabrillante y de alta definición.","•Formulado sin productos químicos de uso común como: tolueno, xileno, ftalatos, formaldehído, resina de formaldehído, fosfato de trifenilo (TPP), alcanfor, tosilamida de etilo, hidroperóxido de terc-butilo.
•Fácil aplicación: El pincel de cerdas planas de 320 facilita la aplicación suave. 
•Envase y tapa ergonómica con mayor agarre, diseñada para una aplicación más cómoda. 
•La tapa se cierra con menos vueltas y más facilmente que en envases tradicionales.
•Fórmula de cuidado y fortalecimiento: con Manteca de Karité y botánicos verdes naturales (Extracto de Espinaca, Extracto de Palta/Aguacate, Extracto de Té Verde), Algas Rojas, Vitamina B, Vitamina E. 
",7265028004,309970136284,004,Blue My Mind,OTO 2023
Revlon Cosmetics,Esmalte para uñas,Esmalte para uñas,Ultra HD,Revlon Ultra HD Snap! Nail Polish,Esmalte para uñas,"Mezclar y combinar. Simple pero nunca aburrido! 
Conocé la nueva colección de tonos UHD Snap! Play Boldly. Colores intensos y ultrabrillantes para nunca aburrirte, de alta definición y secado rápido, 100 % veganos.

•	20 FREE: Más del 78% de ingredientes de origen natural  
•	Carga de pigmento de dos capas en una que brinda un color intenso. No se necesita aplicar dos capas de esmalte.
•	Fácil aplicación | Secado rápido.
•	Acabado Ultrabrillante y de alta definición.","•Formulado sin productos químicos de uso común como: tolueno, xileno, ftalatos, formaldehído, resina de formaldehído, fosfato de trifenilo (TPP), alcanfor, tosilamida de etilo, hidroperóxido de terc-butilo.
•Fácil aplicación: El pincel de cerdas planas de 320 facilita la aplicación suave. 
•Envase y tapa ergonómica con mayor agarre, diseñada para una aplicación más cómoda. 
•La tapa se cierra con menos vueltas y más facilmente que en envases tradicionales.
•Fórmula de cuidado y fortalecimiento: con Manteca de Karité y botánicos verdes naturales (Extracto de Espinaca, Extracto de Palta/Aguacate, Extracto de Té Verde), Algas Rojas, Vitamina B, Vitamina E. 
",7265028003,309970136277,003,Bright Side,OTO 2023
Revlon Cosmetics,Esmalte para uñas,Esmalte para uñas,Ultra HD,Revlon Ultra HD Snap! Nail Polish,Esmalte para uñas,"Mezclar y combinar. Simple pero nunca aburrido! 
Conocé la nueva colección de tonos UHD Snap! Play Boldly. Colores intensos y ultrabrillantes para nunca aburrirte, de alta definición y secado rápido, 100 % veganos.

•	20 FREE: Más del 78% de ingredientes de origen natural  
•	Carga de pigmento de dos capas en una que brinda un color intenso. No se necesita aplicar dos capas de esmalte.
•	Fácil aplicación | Secado rápido.
•	Acabado Ultrabrillante y de alta definición.","•Formulado sin productos químicos de uso común como: tolueno, xileno, ftalatos, formaldehído, resina de formaldehído, fosfato de trifenilo (TPP), alcanfor, tosilamida de etilo, hidroperóxido de terc-butilo.
•Fácil aplicación: El pincel de cerdas planas de 320 facilita la aplicación suave. 
•Envase y tapa ergonómica con mayor agarre, diseñada para una aplicación más cómoda. 
•La tapa se cierra con menos vueltas y más facilmente que en envases tradicionales.
•Fórmula de cuidado y fortalecimiento: con Manteca de Karité y botánicos verdes naturales (Extracto de Espinaca, Extracto de Palta/Aguacate, Extracto de Té Verde), Algas Rojas, Vitamina B, Vitamina E. 
",7265028023,309970139551,023,Daredevil,OTO 2023
Revlon Cosmetics,Esmalte para UÑAS,Tratamiento para Uñas,ColorStay, ColorStay Gel Envy Diamond Top Coat,Capa Protectora de larga duración,"ColorStay Gel Envy™ Diamond Top Coat es nuestra capa protectora de esmalte más resistente. Fabricada con la exclusiva DiamondFlex™ Technology, está diseñada especialmente para usar en conjunto con ColorStay Gel Envy™ Strengthening Longwear Nail Enamel y así brindar un color de calidad profesional y un brillo como de diamante 5 Free.","Capa protectora
Tecnología Diamondflex™
Larga Duración
5 Free (sin Tolueno, Formaldehido, DBP, Resina de Formaldehido, Alcanfor).",7253533000,309970104320,100,Diamond Top Coat,Regular
Revlon Cosmetics,Esmalte para UÑAS,Esmalte en Gel,ColorStay, ColorStay Gel Envy Longwear Nail Enamel ,Esmalte para Uñas de larga duración,"Esmalte para uñas en gel de Larga Duración. Su fórmula contiene polímeros que realzan el color. 7 días de color con ingredientes hidratantes: aceite de almendras, manteca de karité y aceite de jojoba. 5 Es Free.","Esmalte en gel
Color + Base
Larga Duración
5 Free (sin Tolueno, Formaldehido, DBP, Resina de Formaldehido, Alcanfor)
Con ingredientes hidratantes",7253531031,309976012315,015,Up in Charms,Regular
Revlon,Esmalte para uñas,Esmalte para uñas,Ultra HD,Revlon Ultra HD Snap!,Esmalte para uñas,"Mezclar y combinar. Simple pero nunca aburrido! 
Conocé la nueva colección de tonos UHD Snap! Play Boldly. Colores intensos y ultrabrillantes para nunca aburrirte, de alta definición y secado rápido, 100 % veganos.

•	20 FREE: Más del 78% de ingredientes de origen natural  
•	Carga de pigmento de dos capas en una que brinda un color intenso. No se necesita aplicar dos capas de esmalte.
•	Fácil aplicación | Secado rápido.
•	Acabado Ultrabrillante y de alta definición.","•Formulado sin productos químicos de uso común como: tolueno, xileno, ftalatos, formaldehído, resina de formaldehído, fosfato de trifenilo (TPP), alcanfor, tosilamida de etilo, hidroperóxido de terc-butilo.
•Fácil aplicación: El pincel de cerdas planas de 320 facilita la aplicación suave. 
•Envase y tapa ergonómica con mayor agarre, diseñada para una aplicación más cómoda. 
•La tapa se cierra con menos vueltas y más facilmente que en envases tradicionales.
•Fórmula de cuidado y fortalecimiento: con Manteca de Karité y botánicos verdes naturales (Extracto de Espinaca, Extracto de Palta/Aguacate, Extracto de Té Verde), Algas Rojas, Vitamina B, Vitamina E. 
",7265028023,309970139551,.023,Daredevil,Oto
