Fase,Marca,Nombre del producto,Titulo optimizado,EAN,Descripción,Beneficio (bullets),Modo de uso,Composición,Ingredientes,Tipo de cabello,Presentacion,Palabras Clave
Fase 1,KLORANE,Shampoo Quinina ,Shampoo Anticaida Klorane Quinina 400ml,7799075001533,Shampoo fortificante específico para el tratamiento contra la caída del cabello o para el cabello desvitalizado.,"- 80% ingredientes de origen natural.
 -Cabello limpio por más tiempo. 
 -Apto Vegano: sin ingredientes de origen animal.
 - Estimula el crecimiento. 
 - Base lavante suave sin sulfatos. 
 -Fórmula biodegradable.
 -Apto uso para todo tipo de pelo.","Aplicar sobre el cuero cabelludo, masajear, dejar 
 actuar unos minutos y enjuagar","Compuesto por: Quinina + Edelweiss BIO (Activa el crecimiento y disminuye la pérdida del cabello), Cafeína (Refuerza el anclaje del cabello.Extiende la fase de crecimiento), Biotina (Estimula la síntesis de energía), Base lavante suave, limpia sin agredir","WATER (AQUA)*. DISODIUM LAURETH SULFOSUCCINATE. PEG-120 METHYL GLUCOSE DIOLEATE. LAURYL BETAINE. LAURETH-3. MALEIC ACID. PEG-40 HYDROGENATED CASTOR OIL. CINCHONA SUCCIRUBRA BARK EXTRACT*. LEONTOPODIUM ALPINUM FLOWER/LEAF EXTRACT*. CAFFEINE. BIOTIN. NIACINAMIDE. PANTHENOL. ALCOHOL*. BLUE 1 (CI 42090). CAPRYLYL GLYCOL. CITRIC ACID*. FRAGRANCE (PARFUM). GLYCERIN*. GREEN 3 (CI 42053). PANTOLACTONE. POLYQUATERNIUM-22. POTASSIUM SORBATE. PYRIDOXINE HCL. RED 33 (CI 17200). SODIUM BENZOATE. SODIUM CHLORIDE. TOCOPHEROL. YELLOW 6 (CI 15985)

80% de ingredientes de origen natural",Frágil,400 ml,*Shampoo *Caída *Cabello *Pelo *Calvicie *Alopecia *Revitalizante *Vigoroso *Resistente *Hidratante *Suavizante *Fuerte
Fase 1,KLORANE,Shampoo Mango,Shampoo Nutritivo Klorane Mango 400ml,7799075001915,Shampoo nutritivo para cabellos secos y deteriorados.,"- 86% de ingredientes de origen natural.
 -Apto Vegano sin ingredientes de origen animal.
 - Lavado suave y nutritivo sin sulfatos.
 - Proporcion brillo y suavidad.
 -Facilita el peinado.
 -Fórmula biodegradable.
 -Apto uso a partir de los 3 años.
 - Frasco 100% reciclable y reciclado","Aplicar sobre el cabello húmedo y dar un masaje suave. Luego enjuagar. Una sola aplicación es suficiente, se recomienda combinarlo con el Acondicionador de Mango.","Compuesto por: Manteca de mango (Nutre, hidrata y retiene el agua a nivel de la fibra capilar)","WATER (AQUA)*. DECYL GLUCOSIDE*. SODIUM COCOYL ISETHIONATE. DISODIUM LAURETH SULFOSUCCINATE. GLYCERIN*. DISODIUM COCOAMPHODIACETATE. ACRYLATES COPOLYMER. MANGIFERA INDICA (MANGO) SEED BUTTER (MANGIFERA INDICA SEED BUTTER)*. TOCOPHEROL. CAPRYLYL GLYCOL. CETEARETH-60 MYRISTYL GLYCOL. CITRIC ACID*. COCO-GLUCOSIDE*. COCONUT ACID*. FRAGRANCE (PARFUM). GLYCERYL OLEATE*. GLYCOL STEARATE*. HYDROGENATED VEGETABLE GLYCERIDES CITRATE*. LAURETH-3. MALEIC ACID. POLYQUATERNIUM-22. SODIUM BENZOATE. SODIUM CHLORIDE. SODIUM HYDROXIDE*. TRISODIUM ETHYLENEDIAMINE DISUCCINATE. YELLOW 5 (CI 19140). YELLOW 6 (CI 15985)

86% de ingredientes de origen natural",Seco,400 ml,"*Tratamiento Shampoo Nutritivo *Cabello *Cuidado capilar *Cuidado del pelo *Nutrición *Shampoo, Mango *Suavidad *Pelo *Hidratación *Desenredo *Pelo dañado *Reparador *Regenerador *Vegano *Sin Sulfatos *Alta tolerancia"
Fase 1,KLORANE,Shampoo Avena,Shampoo Suavizante Klorane Avena 200ml,7798095410868,Shampoo hidratante y suavizante para toda la familia.,"- 87% de ingredientes de origen natural.
 -Apto Vegano: sin ingredientes de origen animal.
 -Para toda la familia.
 - Niños +3 años.
 -Fórmula biodegradable.
 - Fórmula alta tolerancia.
 - Tarro 100% reciclable y reciclado","Aplicar sobre el cuero cabelludo, masajear, dejar actuar unos minutos y enjuagar.",Compuesto por: Avena (suaviza y protege).,WATER (AQUA)*. DECYL GLUCOSIDE*. SODIUM COCOYL ISETHIONATE. DISODIUM LAURETH SULFOSUCCINATE. GLYCERIN*. DISODIUM COCOAMPHODIACETATE. ACRYLATES COPOLYMER. AVENA SATIVA (OAT) LEAF/STEM EXTRACT (AVENA SATIVA LEAF/STEM EXTRACT)*. CAPRYLYL GLYCOL. CETEARETH-60 MYRISTYL GLYCOL. CITRIC ACID*. COCO-GLUCOSIDE*. COCONUT ACID*. FRAGRANCE (PARFUM). GLYCERYL OLEATE*. GLYCOL STEARATE*. HYDROGENATED VEGETABLE GLYCERIDES CITRATE*. LAURETH-3. MALEIC ACID. POLYQUATERNIUM-22. SODIUM BENZOATE. SODIUM CHLORIDE. SODIUM HYDROXIDE*. TOCOPHEROL. TRISODIUM ETHYLENEDIAMINE DISUCCINATE,Toda la familia,200 ml,*Shampoo *Cabello *Pelo *Delicado *Suaviza *Protege *Desenreda *Verano
Fase 1,KLORANE,Shampoo Camomila,Shampoo Reflejos Rubios Klorane Camomila 200ml,7798095411001,"Shampoo que reaviva las tonalidades de los cabellos rubios y castaños claros, aportándoles un brillo especial, similar a las mechas y/o reflejos. Apto para toda la familia, a partir de los 3 años.","- 85% de ingredientes de origen natural.
 -Apto Vegano: sin ingredientes de origen animal.
 -Para toda la familia.
 - Niños +3 años.
 -Fórmula biodegradable.
 - Fórmula alta tolerancia.
 - Tarro 100% reciclable y reciclado","Aplicar sobre el cuero cabelludo, masajear, dejar actuar unos minutos y enjuagar.","Compuesto por: Extracto de Camomilla (acción aclaradora natural para el cabello rubio, para obtener reflejos de tono dorado y miel)",WATER (AQUA)*. DISODIUM LAURETH SULFOSUCCINATE. CETEARETH-60 MYRISTYL GLYCOL. LAURYL BETAINE. DECYL GLUCOSIDE*. GLYCERIN*. LAURETH-3. PENTYLENE GLYCOL*. CHAMOMILLA RECUTITA (MATRICARIA) FLOWER EXTRACT (CHAMOMILLA RECUTITA FLOWER EXTRACT)*. VINEGAR (ACETUM)*. CITRIC ACID*. FRAGRANCE (PARFUM). MALEIC ACID. OLETH-10. POLYQUATERNIUM-22. SODIUM BENZOATE. SODIUM CHLORIDE. TOCOPHEROL. TRISODIUM ETHYLENEDIAMINE DISUCCINATE,Rubio,200 ml,*Shampoo *Cabello rubio *Color *Reflejos Rubios *Brillo *Cuidado Capilar  *Pelo *Manzanilla *Niños
Fase 1,KLORANE,Shampoo Camomila,Shampoo Reflejos Rubios Klorane Camomila 400ml,7798095411018,"Shampoo que reaviva las tonalidades de los cabellos rubios y castaños claros, aportándoles un brillo especial, similar a las mechas y/o reflejos. Apto para toda la familia, a partir de los 3 años.","- 85% de ingredientes de origen natural.
 -Apto Vegano: sin ingredientes de origen animal.
 -Para toda la familia.
 - Niños +3 años.
 -Fórmula biodegradable.
 - Fórmula alta tolerancia.
 - Tarro 100% reciclable y reciclado","Aplicar sobre el cuero cabelludo, masajear, dejar actuar unos minutos y enjuagar.","Compuesto por: Extracto de Camomilla (acción aclaradora natural para el cabello rubio, para obtener reflejos de tono dorado y miel)",WATER (AQUA)*. DISODIUM LAURETH SULFOSUCCINATE. CETEARETH-60 MYRISTYL GLYCOL. LAURYL BETAINE. DECYL GLUCOSIDE*. GLYCERIN*. LAURETH-3. PENTYLENE GLYCOL*. CHAMOMILLA RECUTITA (MATRICARIA) FLOWER EXTRACT (CHAMOMILLA RECUTITA FLOWER EXTRACT)*. VINEGAR (ACETUM)*. CITRIC ACID*. FRAGRANCE (PARFUM). MALEIC ACID. OLETH-10. POLYQUATERNIUM-22. SODIUM BENZOATE. SODIUM CHLORIDE. TOCOPHEROL. TRISODIUM ETHYLENEDIAMINE DISUCCINATE,Rubio,400 ml,*Shampoo *Cabello rubio *Color *Reflejos Rubios *Brillo *Cuidado Capilar  *Pelo *Manzanilla *Niños
Fase 1,KLORANE,Shampoo Quinina ,Shampoo Anticaida Klorane 200ml,7799075001861,Shampoo fortificante específico para el tratamiento contra la caída del cabello o para el cabello desvitalizado.,"- 80% ingredientes de origen natural.
 -Cabello limpio por más tiempo. 
 -Apto Vegano: sin ingredientes de origen animal.
 - Estimula el crecimiento. 
 - Base lavante suave sin sulfatos. 
 -Fórmula biodegradable.
 -Apto uso para todo tipo de pelo.","Aplicar sobre el cuero cabelludo, masajear, dejar 
 actuar unos minutos y enjuagar","Compuesto por: Quinina + Edelweiss BIO (Activa el crecimiento y disminuye la pérdida del cabello), Cafeína (Refuerza el anclaje del cabello.Extiende la fase de crecimiento), Biotina (Estimula la síntesis de energía), Base lavante suave, limpia sin agredir","WATER (AQUA)*. DISODIUM LAURETH SULFOSUCCINATE. PEG-120 METHYL GLUCOSE DIOLEATE. LAURYL BETAINE. LAURETH-3. MALEIC ACID. PEG-40 HYDROGENATED CASTOR OIL. CINCHONA SUCCIRUBRA BARK EXTRACT*. LEONTOPODIUM ALPINUM FLOWER/LEAF EXTRACT*. CAFFEINE. BIOTIN. NIACINAMIDE. PANTHENOL. ALCOHOL*. BLUE 1 (CI 42090). CAPRYLYL GLYCOL. CITRIC ACID*. FRAGRANCE (PARFUM). GLYCERIN*. GREEN 3 (CI 42053). PANTOLACTONE. POLYQUATERNIUM-22. POTASSIUM SORBATE. PYRIDOXINE HCL. RED 33 (CI 17200). SODIUM BENZOATE. SODIUM CHLORIDE. TOCOPHEROL. YELLOW 6 (CI 15985)

80% de ingredientes de origen natural",Frágil,200 ml,*Shampoo *Caída *Cabello *Pelo *Calvicie *Alopecia *Revitalizante *Vigoroso *Resistente *Hidratante *Suavizante *Fuerte
Fase 1,KLORANE,Acondicionador Quinina,Acondicionador Anticaida Klorane 200ml,7799075001601,Bálsamo fortificante complementario para la caída del cabello o para el cabello desvitalizado.,"89% ingredientes de origen natural.
 - Desenreda el cabello.
 - Refuerza la fibra capilar.
 -Apto Vegano: sin ingredientes de origen animal.
 -Fórmula biodegradable.
 -Apto uso para todo tipo de pelo.","Aplicar en el cabello escurrido, dejar actuar unos minutos. Peinar y enjuagar.",Compuesto por: Quinina + Edelweiss BIO (Activa el crecimiento y disminuye la pérdida del cabello).,"WATER (AQUA)*. HYDROXYPROPYL STARCH PHOSPHATE. CETEARYL ALCOHOL. BEHENAMIDOPROPYL DIMETHYLAMINE*. GLYCERIN*. COCO-CAPRYLATE/CAPRATE*. 1,2-HEXANEDIOL. CINCHONA SUCCIRUBRA BARK EXTRACT*. LEONTOPODIUM ALPINUM FLOWER/LEAF EXTRACT*. CAFFEINE. BIOTIN. NIACINAMIDE. PANTHENOL. HELIANTHUS ANNUUS (SUNFLOWER) SEED OIL (HELIANTHUS ANNUUS SEED OIL)*. ALCOHOL*. BENZOIC ACID. CETEARETH-33. CITRIC ACID*. FRAGRANCE (PARFUM). LACTIC ACID*. PANTOLACTONE. POTASSIUM SORBATE. PYRIDOXINE HCL. SODIUM BENZOATE. TOCOPHEROL*. TRISODIUM ETHYLENEDIAMINE DISUCCINATE",Frágil,200 ml,"*Tratamiento Anti Caída* Cabello, *Cuidado capilar *Cuidado del pelo *Fortalecedor *Balsamo, *Acondicionador *Quinina *Fortificante *Pelo*Hidratación *Nutrición *Pelo dañado *Reparador *Regenerador *Energizante *Crecimeinto capilar"
Fase 1,KLORANE,Shampoo Avena,Shampoo Hidratante Klorane Avena 400ml,7798095412428,Shampoo hidratante y suavizante para toda la familia.,"87% de ingredientes de origen natural.
 -Apto Vegano: sin ingredientes de origen animal.
 -Para toda la familia.
 - Niños +3 años.
 -Fórmula biodegradable.
 - Fórmula alta tolerancia.
 - Tarro 100% reciclable y reciclado","Aplicar sobre el cuero cabelludo, masajear, dejar actuar unos minutos y enjuagar.",Compuesto por: Avena (suaviza y protege).,WATER (AQUA)*. DECYL GLUCOSIDE*. SODIUM COCOYL ISETHIONATE. DISODIUM LAURETH SULFOSUCCINATE. GLYCERIN*. DISODIUM COCOAMPHODIACETATE. ACRYLATES COPOLYMER. AVENA SATIVA (OAT) LEAF/STEM EXTRACT (AVENA SATIVA LEAF/STEM EXTRACT)*. CAPRYLYL GLYCOL. CETEARETH-60 MYRISTYL GLYCOL. CITRIC ACID*. COCO-GLUCOSIDE*. COCONUT ACID*. FRAGRANCE (PARFUM). GLYCERYL OLEATE*. GLYCOL STEARATE*. HYDROGENATED VEGETABLE GLYCERIDES CITRATE*. LAURETH-3. MALEIC ACID. POLYQUATERNIUM-22. SODIUM BENZOATE. SODIUM CHLORIDE. SODIUM HYDROXIDE*. TOCOPHEROL. TRISODIUM ETHYLENEDIAMINE DISUCCINATE,Toda la familia,400 ml,*Shampoo *Cabello *Pelo *Delicado *Suaviza *Protege *Desenreda *Verano
Fase 2,KLORANE,Shampoo Mango,Shampoo Nutritivo Klorane Mango 200ml,7799075001540,Shampoo nutritivo para cabellos secos y deteriorados.,"- 86% de ingredientes de origen natural.
 -Apto Vegano sin ingredientes de origen animal.
 - Lavado suave y nutritivo sin sulfatos.
 - Proporcion brillo y suavidad.
 -Facilita el peinado.
 -Fórmula biodegradable.
 -Apto uso a partir de los 3 años.
 - Frasco 100% reciclable y reciclado","Aplicar sobre el cabello húmedo y dar un masaje suave. Luego enjuagar. Una sola aplicación es suficiente, se recomienda combinarlo con el Acondicionador de Mango.","Compuesto por: Manteca de mango (Nutre, hidrata y retiene el agua a nivel de la fibra capilar)","WATER (AQUA)*. DECYL GLUCOSIDE*. SODIUM COCOYL ISETHIONATE. DISODIUM LAURETH SULFOSUCCINATE. GLYCERIN*. DISODIUM COCOAMPHODIACETATE. ACRYLATES COPOLYMER. MANGIFERA INDICA (MANGO) SEED BUTTER (MANGIFERA INDICA SEED BUTTER)*. TOCOPHEROL. CAPRYLYL GLYCOL. CETEARETH-60 MYRISTYL GLYCOL. CITRIC ACID*. COCO-GLUCOSIDE*. COCONUT ACID*. FRAGRANCE (PARFUM). GLYCERYL OLEATE*. GLYCOL STEARATE*. HYDROGENATED VEGETABLE GLYCERIDES CITRATE*. LAURETH-3. MALEIC ACID. POLYQUATERNIUM-22. SODIUM BENZOATE. SODIUM CHLORIDE. SODIUM HYDROXIDE*. TRISODIUM ETHYLENEDIAMINE DISUCCINATE. YELLOW 5 (CI 19140). YELLOW 6 (CI 15985)

86% de ingredientes de origen natural",Seco,200 ml,"*Tratamiento Shampoo Nutritivo *Cabello *Cuidado capilar *Cuidado del pelo *Nutrición *Shampoo, Mango *Suavidad *Pelo *Hidratación *Desenredo *Pelo dañado *Reparador *Regenerador *Vegano *Sin Sulfatos *Alta tolerancia"
Fase 2,KLORANE,Mascarilla Mango,Mascarilla Nutritiva Klorane Mango 150ml,7799075001557,Mascarilla nutritiva para cabellos secos y deteriorados.,"-98% de ingredientes de origen natural. 
-Apto Vegano: sin ingredientes de origen animal.
- Nutre intensa y profundamente.
- Proporcion brillo y suavidad.
-Facilita el peinado.
-Apto uso a partir de los 3 años.
- Frasco 100% reciclable y reciclado","Aplicar generosamente a lo largo del cabello y sobre las puntas enjuagadas y escurridas después del shampoo.  Dejar actuar 5 minutos, peinar y enjuagar abundantemente. Utilizar una vez por semana como cuidado profundo o más frecuentemente si el cabello está muy dañado. Para reforzar su acción, dejar actuar 20 minutos sobre el cabello cubierto con una toalla caliente antes de enjuagar.","Manteca de mango (Nutre e hidrata), Cera lipocatiónica (Hidratación, protección y desenredado), Agentes alisadores (Alisado y brillo).","WATER (AQUA)*. CETYL ALCOHOL*. CAPRYLIC/CAPRIC TRIGLYCERIDE*. MANGIFERA INDICA (MANGO) SEED BUTTER (MANGIFERA INDICA SEED BUTTER)*. BEHENAMIDOPROPYL DIMETHYLAMINE*. GLYCERIN*. COCO-CAPRYLATE/CAPRATE*. CETEARYL ALCOHOL*. 1,2-HEXANEDIOL. BENZOIC ACID. CETEARYL GLUCOSIDE*. FRAGRANCE (PARFUM). HELIANTHUS ANNUUS (SUNFLOWER) SEED OIL (HELIANTHUS ANNUUS SEED OIL)*. LACTIC ACID*. SCLEROTIUM GUM. TOCOPHEROL*. YELLOW 5 (CI 19140). YELLOW 6 (CI 15985)

98 % de ingredientes de origen natural",Seco,150 ml,*Macarilla *Tratamiento *Crema *Flexibilidad *Suavidad *Nutre *Hidrata *Alisa *Suaviza
Fase 2,KLORANE,Shampoo Ortiga,Shampoo Cabello Graso Klorane Ortiga 200ml,7799075001564,"Shampoo purificante del cuero cabelludo.
","- 85% de ingredientes de origen  natural.
-Cabello limpio por más tiempo. 
-Apto Vegano: sin ingredientes de origen animal.
- Controla la secreción sebasea. 
- Base lavante suave sin sulfatos. 
-Fórmula biodegradable.
-Apto uso a partir de los 3 años.",Aplicar sobre el cabello húmedo y dar un masaje suave. Luego enjuagar. Una sola aplicación es suficiente.,"Extracto de ortiga blanca (Seborregula, Inhibe la 5 alfa reductasa), Base lavante suave (Evita cualquier efecto de rebote de la seborrea)","WATER (AQUA)*. DISODIUM LAURETH SULFOSUCCINATE. DECYL GLUCOSIDE*. LAURYL BETAINE. CETEARETH-60 MYRISTYL GLYCOL. LAURETH-3. GLYCERYL LAURATE*. URTICA DIOICA (NETTLE) ROOT EXTRACT (URTICA DIOICA ROOT EXTRACT)*. CAPRYLYL GLYCOL. CITRIC ACID*. FRAGRANCE (PARFUM). GREEN 3 (CI 42053). MALEIC ACID. POLYQUATERNIUM-22. POLYSORBATE 20. PROPYLENE GLYCOL. SODIUM BENZOATE. SODIUM CHLORIDE. TRISODIUM ETHYLENEDIAMINE DISUCCINATE. YELLOW 6 (CI 15985)

85% de ingredientes naturales",Graso,200 ml,*Tratamiento Cabello graso *Cabello *Cuidado capilar *Cuidado del pelo *Purificante *Shampoo *Ortiga *Seborreductor *Pelo *Hidratación *Vegano *Sin Sulfatos *Limpio *Energizante *Alta tolerancia
Fase 2,KLORANE,Shampoo Almedra,Shampoo Uso Diario Klorane Leche de Almendras 400ml,7798095412404,"Shampoo de uso diario que aporta volumen al cabello, da cuerpo, proporciona suavidad y luminosidad. 
","-Con su base emulsionante muy suave y desenredante, devuelve cuerpo al cabello
-Aporta suavidad y brillo
-Neutraliza la electricidad estática, frecuente en el caso del cabello fino.","Aplicar el shampoo sobre el cabello húmedo, dar un masaje suave y enjuagar. Un solo lavado es suficiente",,WATER (AQUA)*. DISODIUM LAURETH SULFOSUCCINATE. DECYL GLUCOSIDE*. LAURYL BETAINE. CETEARETH-60 MYRISTYL GLYCOL. LACTIC ACID*. LAURETH-3. GLYCERYL LAURATE*. PENTYLENE GLYCOL*. CITRUS MEDICA VULGARIS FRUIT EXTRACT*. FRAGRANCE (PARFUM). GLUTAMIC ACID*. GLYCERIN*. HEXYL CINNAMAL. LIMONENE. MALEIC ACID. SODIUM BENZOATE. SODIUM CHLORIDE. SODIUM HYDROXIDE*. TRISODIUM ETHYLENEDIAMINE DISUCCINATE. YELLOW 5 (CI 19140),Todo tipo,200 ml,*Shampoo *Cabello *Pelo *Delicado *Suavidad *Luminosidad *Desenreda *Suavidad *Brillo *Estática
Fase 2,KLORANE,Shampoo Peonia,Shampoo Calmante Klorane Peonia para cuero cabelludo sensible 200ml,7798095410943,"Shampoo calmante que protege, alivia y reconforta el cuero cabelludo irritado.","- 85% de ingredientes de origen natural.
 -Apto Vegano: sin ingredientes de origen animal.
 -Sensación de alivio por 24 hs.
 -Antiirritante.
 -Fórmula con PH fisiológico.
 -Fórmula biodegradable.
 - Fórmula alta tolerancia.
 - Tarro 100% reciclable y reciclado",Aplicar sobre el cabello húmedo y dar un masaje suave. Luego enjuagar. Una sola aplicación es suficiente.,"Compuesto por: Peonía BIO (Calmante, Anti-irritante).",WATER (AQUA)*. DISODIUM LAURETH SULFOSUCCINATE. DECYL GLUCOSIDE*. CETEARETH-60 MYRISTYL GLYCOL. LAURYL BETAINE. LAURETH-3. PROPYLENE GLYCOL*. PAEONIA LACTIFLORA ROOT EXTRACT*. CAPRYLYL GLYCOL. CITRIC ACID*. FRAGRANCE (PARFUM). MALEIC ACID. POLYQUATERNIUM-22. RED 33 (CI 17200). SODIUM BENZOATE. SODIUM CHLORIDE. TRISODIUM ETHYLENEDIAMINE DISUCCINATE,Cuero cabelludo sensible ,200 ml,*Shampoo *Cabello *Pelo *Sensible *Irritado *Protector *Calmante *Frescura *Irritación
Fase 2,KLORANE,Shampoo Granada,Shampoo Fijador y Protector del Color Klorane Granada 400ml ,7798095415375,Shampoo fijador que protege y prolonga la intensidad del color.,"- 85% de ingredientes de origen natural.
 -Apto Vegano: sin ingredientes de origen animal.
 -Limpia sin degradar el color.
 -Fórmula biodegradable.
 - Fórmula alta tolerancia.
 - Tarro 100% reciclable y reciclado","Aplicar sobre el cuero cabelludo, masajear, dejar actuar unos minutos y enjuagar.","Compuesto por: Extracto de granada (Prolonga el color, preserva su intensidad y resplandor)",WATER (AQUA)*. DISODIUM LAURETH SULFOSUCCINATE. CETEARETH-60 MYRISTYL GLYCOL. DECYL GLUCOSIDE*. LAURYL BETAINE. LAURETH-3. PUNICA GRANATUM EXTRACT*. ALCOHOL*. CAPRYLYL GLYCOL. CITRIC ACID*. FRAGRANCE (PARFUM). MALEIC ACID. POLYQUATERNIUM-22. RED 33 (CI 17200). RED 40 (CI 16035). SODIUM BENZOATE. SODIUM CHLORIDE. TRISODIUM ETHYLENEDIAMINE DISUCCINATE. YELLOW 6 (CI 15985),Teñido,400 ml,*Shampoo *Cabello *Pelo *Fijador *Protector *Color *Tinte *Pigmento *Brillo *Protege *Repara *UV
Fase 2,KLORANE,Acondicionador de Avena ,Acondicionador Suavizante Klorane Avena 200 ml,7798095411650,Acondicionador natural de alta tolerancia pediátrica que protege y suaviza el cabello de toda la familia.,"- 96% de ingredientes de origen natural.
 -Apto Vegano: sin ingredientes de origen animal.
 -Limpia sin degradar el color.
 -Fórmula biodegradable.
 - Fórmula alta tolerancia.
 - Envase fabricado con un 50% de plástico reciclado.","Aplicar en el cabello escurrido, dejar actuar unos minutos. Peinar y enjuagar.",Compuesto por: Avena (suaviza y protege).,"WATER (AQUA)*. CETYL ALCOHOL*. ETHYLHEXYL PALMITATE*. BEHENAMIDOPROPYL DIMETHYLAMINE*. DICAPRYLYL CARBONATE*. CETEARYL ALCOHOL*. 1,2-HEXANEDIOL. AVENA SATIVA (OAT) LEAF/STEM EXTRACT (AVENA SATIVA LEAF/STEM EXTRACT)*. BENZOIC ACID. CETEARYL GLUCOSIDE*. FRAGRANCE (PARFUM). LACTIC ACID*. SCLEROTIUM GUM. TOCOPHEROL*",Toda la familia,200 ml,*Balsamo *Tratamiento *Cabello *Pelo *Capilar *Delicado *Suavidad *Flexibilidad *Protege
Fase 2,KLORANE,Acondicionador de Camomila,Acondicionador Reflejos Rubios Klorane Camomila 200 ml,7798095418741,"Acondicionador natural con camomila que desenreda e hidrata el cabello rubio, aportando brillo y reflejos dorados","- 96% de ingredientes de origen natural.
 -Apto Vegano: sin ingredientes de origen animal.
 -Limpia sin degradar el color.
 -Fórmula biodegradable.
 - Fórmula alta tolerancia.
 - Envase fabricado con un 50% de plástico reciclado.","Aplicar en el cabello escurrido, dejar actuar unos minutos. Peinar y enjuagar.","Compuesto por: Extracto de Camomilla (acción aclaradora natural para el cabello rubio, para obtener reflejos de tono dorado y miel)","WATER (AQUA)*. CETYL ALCOHOL*. ETHYLHEXYL PALMITATE*. VINEGAR (ACETUM)*. BEHENAMIDOPROPYL DIMETHYLAMINE*. GLYCERIN*. DICAPRYLYL CARBONATE*. 1,2-HEXANEDIOL. CHAMOMILLA RECUTITA (MATRICARIA) FLOWER EXTRACT (CHAMOMILLA RECUTITA FLOWER EXTRACT)*. BENZOIC ACID. CETEARYL ALCOHOL*. CETEARYL GLUCOSIDE*. FRAGRANCE (PARFUM). GLYCINE SOJA (SOYBEAN) OIL (GLYCINE SOJA OIL)*. LACTIC ACID*. SCLEROTIUM GUM. TOCOPHEROL*",Rubio,200 ml,*Balsamo *Tratamiento *Cabello *Pelo *Capilar *Rubio *Natural *Volumen *Brillo *Suave
Fase 2,KLORANE,Shampoo Centaurea ,Shampo Matizante Klorane Centaurea para Reflejos Canosos 200ml,7798095410981,Shampoo que previene el color amarillento y reaviva el brillo.,"- 86% de ingredientes de origen natural.
 -Apto Vegano: sin ingredientes de origen animal.
 - Neutraliza reflejos amarillentos.
 -Fórmula biodegradable.
 - Fórmula alta tolerancia.
 - Tarro 100% reciclable y reciclado",Aplicar sobre el cabello húmedo y dar un masaje suave. Luego enjuagar. Una sola aplicación es suficiente.,Compuesto por: Centaurea Bio (neutraliza el amarilleo) y agentes limpiadores suaves sin sulfatos.,"WATER (AQUA)*. DECYL GLUCOSIDE*. SODIUM COCOYL ISETHIONATE. DISODIUM LAURETH SULFOSUCCINATE. DISODIUM COCOAMPHODIACETATE. ACRYLATES COPOLYMER. CENTAUREA CYANUS FLOWER WATER*. BUTYLENE GLYCOL*. CAPRYLYL GLYCOL. CETEARETH-60 MYRISTYL GLYCOL. CITRIC ACID*. COCO-GLUCOSIDE*. COCONUT ACID*. EXT. VIOLET 2 (CI 60730). FRAGRANCE (PARFUM). GLYCERYL OLEATE*. GLYCOL STEARATE*. HYDROGENATED VEGETABLE GLYCERIDES CITRATE*. LAURETH-3. MALEIC ACID. POLYQUATERNIUM-22. SODIUM BENZOATE. SODIUM CHLORIDE. SODIUM HYDROXIDE*. TOCOPHEROL*. TRISODIUM ETHYLENEDIAMINE DISUCCINATE

86% de ingredientes de origen natural",Grises,200 ml,*Shampoo *Cabello *Pelo *Canas *Blanco *Brillo *Plateado *Reaviva
Fase 2,KLORANE,Crema de día Nutritiva Klorane Mango 125 ml,Crema de día Nutritiva Klorane Mango 125ml,7799075001885,Crema de día nutritiva para cabellos secos y deteriorados.,"- 97% de ingredientes de origen natural. 
 -Apto Vegano: sin ingredientes de origen animal.
 - Nutre a diario.
 - Proporcion brillo y suavidad.
 -Facilita el peinado.
 -Apto uso a partir de los 3 años.
 - Frasco 50% reciclado",Aplicar sobre los largos y puntas sobre el cabello húmedo o mojado. No enjuagar.,"Compuesto por: Manteca de mango (Nutre, hidrata y retiene el agua a nivel de la fibra capilar)","WATER (AQUA)*. CETEARYL ALCOHOL*. ETHYLHEXYL PALMITATE*. DICAPRYLYL CARBONATE*. BEHENAMIDOPROPYL DIMETHYLAMINE*. MANGIFERA INDICA (MANGO) SEED BUTTER (MANGIFERA INDICA SEED BUTTER)*. 1,2-HEXANEDIOL. BENZOIC ACID. CETEARYL GLUCOSIDE*. FRAGRANCE (PARFUM). LACTIC ACID*. POLYQUATERNIUM-37. TOCOPHEROL. YELLOW 5 (CI 19140). YELLOW 6 (CI 15985)

97% de ingredientes de origen natural",Seco,125 ml,*Tratamiento Nutritivo *Cabello *Cuidado capilar *Cuidado del pelo *Nutrición *Mango *Suavidad *Pelo *Hidratación *Desenredo *Pelo dañado *Reparador *Regenerador *Vegano *Sin Sulfatos *Alta tolerancia *crema para peinar
Fase 2,KLORANE,Acondicionador Nutritivo Klorane Mango 200 ml,Acondicionador Nutritivo Klorane Mango 200ml,7799075001908,Acondicionador nutritivo para cabellos secos y deteriorados.,"96% de ingredientes de origen natural. 
 -Apto Vegano: sin ingredientes de origen animal.
 - Nutre al instante
 - Proporcion brillo y suavidad.
 -Facilita el peinado.
 -Apto uso a partir de los 3 años.
 - Frasco 50% reciclado","Aplicar en el cabello escurrido, dejar actuar unos minutos. Peinar y enjuagar.","Compuesto por: Manteca de mango (Nutre, hidrata y retiene el agua a nivel de la fibra capilar)","WATER (AQUA)*. CETYL ALCOHOL*. ETHYLHEXYL PALMITATE*. BEHENAMIDOPROPYL DIMETHYLAMINE*. DICAPRYLYL CARBONATE*. CETEARYL ALCOHOL*. 1,2-HEXANEDIOL. MANGIFERA INDICA (MANGO) SEED BUTTER (MANGIFERA INDICA SEED BUTTER)*. BENZOIC ACID. CETEARYL GLUCOSIDE*. FRAGRANCE (PARFUM). LACTIC ACID*. SCLEROTIUM GUM. TOCOPHEROL*. YELLOW 5 (CI 19140). YELLOW 6 (CI 15985)

96% de ingredientes de origen natural",Seco,200 ml,*Tratamiento Nutritivo *Cabello *Cuidado capilar *Cuidado del pelo *Nutrición *Mango *Suavidad *Pelo *Hidratación *Desenredo *Pelo dañado *Reparador *Regenerador *Vegano *Sin Sulfatos *Alta tolerancia
Fase 2,KLORANE,Shampo Matizante Klorane Centaurea para Reflejos Canosos 400ml,Shampo Matizante Klorane Centaurea para Reflejos Canosos 400ml,7799075000444,Shampoo que previene el color amarillento y reaviva el brillo.,"86% de ingredientes de origen natural.
 -Apto Vegano: sin ingredientes de origen animal.
 - Neutraliza reflejos amarillentos.
 -Fórmula biodegradable.
 - Fórmula alta tolerancia.
 - Tarro 100% reciclable y reciclado",Aplicar sobre el cabello húmedo y dar un masaje suave. Luego enjuagar. Una sola aplicación es suficiente.,Compuesto por: Centaurea Bio (neutraliza el amarilleo) y agentes limpiadores suaves sin sulfatos.,"WATER (AQUA)*. DECYL GLUCOSIDE*. SODIUM COCOYL ISETHIONATE. DISODIUM LAURETH SULFOSUCCINATE. DISODIUM COCOAMPHODIACETATE. ACRYLATES COPOLYMER. CENTAUREA CYANUS FLOWER WATER*. BUTYLENE GLYCOL*. CAPRYLYL GLYCOL. CETEARETH-60 MYRISTYL GLYCOL. CITRIC ACID*. COCO-GLUCOSIDE*. COCONUT ACID*. EXT. VIOLET 2 (CI 60730). FRAGRANCE (PARFUM). GLYCERYL OLEATE*. GLYCOL STEARATE*. HYDROGENATED VEGETABLE GLYCERIDES CITRATE*. LAURETH-3. MALEIC ACID. POLYQUATERNIUM-22. SODIUM BENZOATE. SODIUM CHLORIDE. SODIUM HYDROXIDE*. TOCOPHEROL*. TRISODIUM ETHYLENEDIAMINE DISUCCINATE

86% de ingredientes de origen natural",Grises,400 ml,*Shampoo *Cabello *Pelo *Canas *Blanco *Brillo *Plateado *Reaviva
Fase 3,KLORANE,Acondicionador Granada,Acondicionador Fijador y Protector de Color Klorane Granada 200ml,7798095418765,Acondicionador fijador que protege el color de los cabellos teñidos.,"- 97% de ingredientes de origen natural.
 -Apto Vegano: sin ingredientes de origen animal.
 -Desenreda.
 -Fija el color.
 -Fórmula biodegradable.
 - Fórmula alta tolerancia.
 - Envase 50% reciclado y 100% reciclable","Aplicar en el cabello escurrido, dejar actuar unos minutos. Peinar y enjuagar.","Compuesto por: Extracto de granada (prolonga el color, preserva su intensidad y resplandor)","WATER (AQUA)*. STEARYL ALCOHOL*. BEHENAMIDOPROPYL DIMETHYLAMINE*. C9-12 ALKANE*. CETYL ALCOHOL*. HYDROXYPROPYL STARCH PHOSPHATE. ETHYLHEXYL PALMITATE*. 1,2-HEXANEDIOL. PUNICA GRANATUM EXTRACT*. ALCOHOL*. CITRIC ACID*. COCO-CAPRYLATE/CAPRATE*. FRAGRANCE (PARFUM). LACTIC ACID*. OCTYLDODECANOL*. SODIUM BENZOATE. TRISODIUM ETHYLENEDIAMINE DISUCCINATE",Teñido,200 ml,*Bálsamo *Cabello *Pelo *Fijador *Protector *Color *Tinte *Pigmento *Brillo *Protege *Repara *UV *Acondicionador *Post shampoo *Desenreda *Suavidad *Flexibilidad *Resistencia
Fase 3,KLORANE,Shampoo Olivo ,Shampoo Revitalizante Klorane Olivo 200ml,7798095419816,Shampoo anti-edad que regenera el cabello debilitado por el tiempo.,"- 82% de ingredientes de origen natural.
 -Apto Vegano: sin ingredientes de origen animal.
 - Devuelve el grosor y densidad.
 -Fórmula biodegradable.
 -Apto uso a partir de los 3 años.
 - Tarro 100% reciclable y reciclado",Aplicar sobre el cabello húmedo y dar un masaje suave. Luego enjuagar. Una sola aplicación es suficiente.,"Extracto de olivo BIO (Aporta Grosor y densidad al cabello), Glicerina / Betaina (Hidratan y protegen el cabello), Base lavante suave, limpia sin agredir",WATER (AQUA)*. SODIUM LAURETH SULFATE. GLYCERIN*. SODIUM COCOAMPHOACETATE. CETEARETH-60 MYRISTYL GLYCOL. PEG-40 HYDROGENATED CASTOR OIL. SODIUM LAURETH-8 SULFATE. OLEA EUROPAEA (OLIVE) FRUIT EXTRACT (OLEA EUROPAEA FRUIT EXTRACT)*. BETAINE*. CITRIC ACID*. COCO-GLUCOSIDE*. FRAGRANCE (PARFUM). GLYCERYL OLEATE*. GREEN 3 (CI 42053). HESPERIDIN METHYL CHALCONE. HYDROGENATED VEGETABLE GLYCERIDES CITRATE*. HYDROXYPROPYL GUAR HYDROXYPROPYLTRIMONIUM CHLORIDE. LIMONENE. MAGNESIUM LAURETH SULFATE. MAGNESIUM LAURETH-8 SULFATE. MAGNESIUM OLETH SULFATE. PHENOXYETHANOL. PROPANEDIOL. RED 33 (CI 17200). SALICYLIC ACID. SODIUM BENZOATE. SODIUM CHLORIDE. SODIUM OLETH SULFATE. TOCOPHEROL*. TOCOPHERYL NICOTINATE. TRISODIUM ETHYLENEDIAMINE DISUCCINATE. YELLOW 6 (CI 15985),Frágil,200 ml,*Shampoo *Cabello *Pelo *Capilar *Sin enjuague *Revitaliza *Grosor *Densidad *Suavidad *Flexibilidad *Regenera *Anti edad *Hidratación *Nutrición *Desenreda
Fase 3,KLORANE,Shampoo Mango,Shampoo Nutritivo Klorane Mango 100ml,7799075001892,Shampoo nutritivo para cabellos secos y deteriorados.,"- 86% de ingredientes de origen natural.
 -Apto Vegano sin ingredientes de origen animal.
 - Lavado suave y nutritivo sin sulfatos.
 - Proporcion brillo y suavidad.
 -Facilita el peinado.
 -Fórmula biodegradable.
 -Apto uso a partir de los 3 años.
 - Frasco 100% reciclable y reciclado","Aplicar sobre el cabello húmedo y dar un masaje suave. Luego enjuagar. Una sola aplicación es suficiente, se recomienda combinarlo con el Acondicionador de Mango.","Compuesto por: Manteca de mango (Nutre, hidrata y retiene el agua a nivel de la fibra capilar)","WATER (AQUA)*. DECYL GLUCOSIDE*. SODIUM COCOYL ISETHIONATE. DISODIUM LAURETH SULFOSUCCINATE. GLYCERIN*. DISODIUM COCOAMPHODIACETATE. ACRYLATES COPOLYMER. MANGIFERA INDICA (MANGO) SEED BUTTER (MANGIFERA INDICA SEED BUTTER)*. TOCOPHEROL. CAPRYLYL GLYCOL. CETEARETH-60 MYRISTYL GLYCOL. CITRIC ACID*. COCO-GLUCOSIDE*. COCONUT ACID*. FRAGRANCE (PARFUM). GLYCERYL OLEATE*. GLYCOL STEARATE*. HYDROGENATED VEGETABLE GLYCERIDES CITRATE*. LAURETH-3. MALEIC ACID. POLYQUATERNIUM-22. SODIUM BENZOATE. SODIUM CHLORIDE. SODIUM HYDROXIDE*. TRISODIUM ETHYLENEDIAMINE DISUCCINATE. YELLOW 5 (CI 19140). YELLOW 6 (CI 15985)

86% de ingredientes de origen natural",Seco,100 ml,"*Tratamiento Shampoo Nutritivo *Cabello *Cuidado capilar *Cuidado del pelo *Nutrición *Shampoo, Mango *Suavidad *Pelo *Hidratación *Desenredo *Pelo dañado *Reparador *Regenerador *Vegano *Sin Sulfatos *Alta tolerancia"
Fase 3,KLORANE,Acondicionador Voluminizador Klorane Lino 200 ml,Acondicionador Voluminizador Klorane Lino 200ml,7798095418833,Acondicionador voluminizador que desenreda y preserva el volumen.,"- 95% de ingredientes de origen natural.
 -Apto Vegano: sin ingredientes de origen animal.
 -Desenreda preservando el volumen 
 -Aporta ligereza a la fibra capilar 
 -Fórmula biodegradable.
 - Fórmula alta tolerancia.
 - Tarro 100% reciclable y reciclado.","Aplicar en el cabello escurrido, dejar actuar unos minutos. Peinar y enjuagar.",Compuesto por: Extracto de fibras de lino (aportan cuerpo y volumen al cabello).,WATER (AQUA)*. HYDROXYPROPYL STARCH PHOSPHATE. BEHENAMIDOPROPYL DIMETHYLAMINE*. VINEGAR (ACETUM)*. PENTYLENE GLYCOL*. LINUM USITATISSIMUM (LINSEED) SEED EXTRACT (LINUM USITATISSIMUM SEED EXTRACT)*. FRAGRANCE (PARFUM). LACTIC ACID*. LIMONENE. PROPYLENE GLYCOL*. SCLEROTIUM GUM*. SODIUM BENZOATE,Fino,200 ml,*Bálsamo *Cabello *Pelo *Cabello fino *Pelo fino *Volumen *Textura *Ultra light *Post shampoo *Acondicionador
Fase 3,KLORANE,Shampoo Fijador y Protector de Color Klorane Granada 200 ml,Shampoo Fijador y Protector de Color Klorane Granada 200ml,7798095411186,Shampoo fijador que protege y prolonga la intensidad del color.,"85% de ingredientes de origen natural.
 -Apto Vegano: sin ingredientes de origen animal.
 -Limpia sin degradar el color.
 -Fórmula biodegradable.
 - Fórmula alta tolerancia.
 - Tarro 100% reciclable y reciclado","Aplicar sobre el cuero cabelludo, masajear, dejar actuar unos minutos y enjuagar.","Compuesto por: Extracto de granada (Prolonga el color, preserva su intensidad y resplandor)",WATER (AQUA)*. DISODIUM LAURETH SULFOSUCCINATE. CETEARETH-60 MYRISTYL GLYCOL. DECYL GLUCOSIDE*. LAURYL BETAINE. LAURETH-3. PUNICA GRANATUM EXTRACT*. ALCOHOL*. CAPRYLYL GLYCOL. CITRIC ACID*. FRAGRANCE (PARFUM). MALEIC ACID. POLYQUATERNIUM-22. RED 33 (CI 17200). RED 40 (CI 16035). SODIUM BENZOATE. SODIUM CHLORIDE. TRISODIUM ETHYLENEDIAMINE DISUCCINATE. YELLOW 6 (CI 15985),Teñido,200 ml,*Shampoo *Cabello *Pelo *Fijador *Protector *Color *Tinte *Pigmento *Brillo *Protege *Repara *UV
Fase 3,KLORANE,Aceite Klorane Mango Nutritivo 100ml ,Aceite Nutritivo Klorane Mango 100ml,7799075001670,"Aceite nutritivo para cabellos secos y deteriorados.
","- 97 % de ingredientes de origen natural.
-Apto Vegano sin ingredientes de origen animal.
- Nutre intensa y profundamente.
- Proporcion brillo y suavidad.
-Facilita el peinado.
-Fórmula sin alcohol con aceite vegetales naturales.
-Apto uso a partir de los 3 años.
- Frasco 100% reciclable y reciclado","Aplicar sobre el cabello seco o húmedo. Vaporizar directamente sobre el cabello o en las palmas de la mano. Luego extender de medios a puntas, utilizar a diario o antes de la exposición solar . Sin enjuague. Se rercomienda combinarlo con el Acondicionador de Mango.","Compuesto por: Manteca de mango (Nutre, hidrata y retiene el agua a nivel de la fibra capilar)  y aceites vegetales naturales.","WATER (AQUA)*. COCO-CAPRYLATE/CAPRATE*. ETHYLHEXYL PALMITATE*. PONGAMIA GLABRA SEED OIL*. C9-12 ALKANE*. PENTYLENE GLYCOL*. SODIUM CHLORIDE*. MANGIFERA INDICA (MANGO) SEED BUTTER (MANGIFERA INDICA SEED BUTTER)*. FRAGRANCE (PARFUM). HELIANTHUS ANNUUS (SUNFLOWER) SEED OIL (HELIANTHUS ANNUUS SEED OIL)*. LACTIC ACID*. SODIUM BENZOATE. TOCOPHEROL

97% de ingredientes de origen natural",Seco,100 ml,*Tratamiento Aceite *Nutritivo *Cabello *Cuidado capilar *Cuidado del pelo *Nutrición *Aceite *Mango *Suavidad *Pelo *Nutrición *Desenredo *Pelo dañado *Reparador *Regenerador *Vegano *Sin Sulfatos *Sin alcohol *Alta tolerancia
Fase 3,KLORANE,Shampoo Lino 200 ml,Shampoo Voluminizador Klorane Fibras de Lino 200ml,7798095417652,Shampoo voluminizador para cabellos finos.,"-Lava con suavidad
-Aporta volumen y ligereza
-Contiene polisacáridos que aportan propiedades
filmógenas que proporcionan cuerpo y volumen 
desde la raíz del cabello","Aplicar sobre el cuero cabelludo, masajear, dejar actuar unos minutos y enjuagar.","Extracto de fibras de lino (Proporciona cuerpo y volumen al cabello) Base lavante suave, limpia sin agredir.",WATER (AQUA)*. DISODIUM LAURETH SULFOSUCCINATE. DECYL GLUCOSIDE*. CETEARETH-60 MYRISTYL GLYCOL. LAURYL BETAINE. LAURETH-3. LINUM USITATISSIMUM (LINSEED) SEED EXTRACT (LINUM USITATISSIMUM SEED EXTRACT)*. BLUE 1 (CI 42090). CAPRYLYL GLYCOL. CITRIC ACID*. EXT. VIOLET 2 (CI 60730). FRAGRANCE (PARFUM). LIMONENE. MALEIC ACID. PROPYLENE GLYCOL*. SODIUM BENZOATE. SODIUM CHLORIDE. TRISODIUM ETHYLENEDIAMINE DISUCCINATE,Fino,200 ml,*Shampoo *Cabello *Pelo *Cabello fino *Pelo fino *Volumen *Textura
Fase 3,KLORANE,Shampoo Capuchina ,Shampoo Anticaspa Klorane Capuchina 200ml,7798095410912,Shampoo tratante para la caspa que purifica el cuero cabelludo.,"-Sana el cuero cabelludo
-Elimina la caspa
-Previene su formación","Aplicar sobre el cuero cabelludo, masajear, dejar actuar 3 minutos y enjuagar. Utilizarlo 3 veces por semana como tratamiento intensivo y 1 vez por semana como mantenimiento","Extracto de Capuchina (Saneante), Ácido salicílico (Queratolítico), Vitamina B5 (Hidratante)","WATER (AQUA) *, SODIUM LAURETH SULFATE, AMMONIUM LAURYL SULFATE *, COCAMIDOPROPYL BETAINE, SALICYLIC ACID, UNDECYLENAMIDOPROPYL BETAINE, TROPAEOLUM MAJUS EXTRACT *, BENZOIC ACID,CETEARETH-60 MYRISTYL GLYCOL, FRAGRANCE (PARFUM), METHYLISOTHIAZOLINONE, POLYQUATERNIUM-10, RED 4 (CI 14700), SODIUM CHLORIDE, SODIUM SULFATE, TRIETHANOLAMINE, YELLOW 6 (CI 15985)",Caspa,200 ml,*Shampoo *Cabello *Pelo *Caspa *Anticaspa *Reduce *Purifica *Capuchina *Cuero cabelludo *Tratamiento *Intensivo
Fase 3,KLORANE,Mascarilla Cupuacu,Mascarilla Nutritiva 3 en 1 Klorane Cupuacu para Cabellos Secos y Dañados 150ml,7799075001298,Mascarilla nutritiva 3 en 1 para cabellos secos y dañados. Su función 3 en 1 le permite adaptar el nivel de reparación y nutrición según las necesidades en el momento. Nutre profundamente fortaleciendo las fibras dañadas del cabello y mejorando su resistencia. Brinda un cabello más brillante y suave.,"- 96% de ingredientes de origen natural.
-Apto Vegano: sin ingredientes de origen animal.
- Nutre y repara.
-Fórmula biodegradable.
-Apto uso a partir de los 3 años.
- Tarro 100% reciclable y reciclado","Puede utilizarse de 3 formas diferentes, según las 
necesidades nutritivas del cabello: como mascarilla 
clásica, como mascarilla de noche o como crema de día","Manteca de Cupuaçu (Répara la fibra), Complejo de emolientes (aceite de coco) (Nutre en profundidad la fibra capilar, hidrata el cuero cabelludo), Glicerina vegetal (Hidrata el cuero cabelludo), Agentes desenredantes (Suavizan y facilitan el peinado)","WATER (AQUA)*. GLYCOL PALMITATE*. BEHENYL ALCOHOL*. CAPRYLIC/CAPRIC TRIGLYCERIDE*. COCOS NUCIFERA (COCONUT) OIL (COCOS NUCIFERA OIL)*. THEOBROMA GRANDIFLORUM SEED BUTTER*. BEHENAMIDOPROPYL DIMETHYLAMINE*. DICAPRYLYL CARBONATE*. CETEARYL ALCOHOL*. GLYCERIN*. BETAINE*. 1,2-HEXANEDIOL. HELIANTHUS ANNUUS (SUNFLOWER) SEED OIL (HELIANTHUS ANNUUS SEED OIL)*. TOCOPHEROL. ALPHA-ISOMETHYL IONONE. BENZOIC ACID. CARAMEL*. CETEARYL GLUCOSIDE*. CITRAL. CITRIC ACID*. CITRONELLOL. COUMARIN. FRAGRANCE (PARFUM). GERANIOL. LACTIC ACID*. LIMONENE

96% de ingredientes de origen natural",Muy secos,150 ml,*Crema *Mascarilla *Cabello *Pelo *Muy seco *Seco *Dañado *Flexibilidad *Suavidad *Nutre *Repara *Hidrata *Protege *Resistente *Post shampoo *Refuerza *Fibra capilar *Desenreda
Fase 3,KLORANE,Crema Reparadora Tamanu Bio,Crema Sublimadora After Sun Klorane Polysianes 200ml,7799075001328,"Crema sublimadora de cuerpo y rostro Compuesto por Monoi de Tahití y Tamanu BIO que nutren y aportan protección antioxidante. Repara y protege la piel frente al fotoenvejecimiento. Textura no grasa, deja la piel flexible y satinada. ","- Sublima y prolonga el bronceado.
- Nutre, repara y protege la piel frente al fotoenvejecimiento gracias a su acción antioxidante.
- Textura nutritiva no grasa.
- Efecto de piel bronceada e irisada de inmediato.
- Su envase utiliza un 77% menos de plástico. ","Aplicar luego de la exposición Solar, todas las veces que sea necesario.","Compuesto por: Monoi de Tahití y Tamanu BIO (Hidratante y Reparador),  Aceite de Coco, Glicerina Vegetal y Escualeno Vegetal (Sistema fotoprotector), Nácares Sublimadores (Efecto iluminador).",WATER (AQUA). GLYCERIN. SQUALANE. COCOS NUCIFERA (COCONUT) OIL (COCOS NUCIFERA OIL). CAPRYLIC/CAPRIC TRIGLYCERIDE. DICAPRYLYL CARBONATE. SILICA. POLYACRYLATE-13. CALOPHYLLUM INOPHYLLUMSEED OIL. GARDENIA TAITENSIS FLOWER. BENZOIC ACID. CAPRYLYL GLYCOL. FRAGRANCE (PARFUM). GLYCERYL STEARATE. GLYCINE SOJA (SOYBEAN) OIL (GLYCINE SOJA OIL). IRON OXIDES (CI 77491). MICA. PEG-100 STEARATE. POLYISOBUTENE. POLYSORBATE 20. SODIUM HYDROXIDE. SORBITAN ISOSTEARATE. TITANIUM DIOXIDE (CI 77891). TOCOPHEROL. TOCOPHERYL ACETATE,,200 ml,*Crema reparadora *nutrición *Post solar *antioxidante *hidratante *Fotoenvejecimiento *Piel bronceada *Iluminación *Brillo *Piel fresca *Tamanu bio *Monoi
Fase 3,KLORANE,SPRAY SUBLIMADOR SPF50 200ML (CUERPO),Spray Solar Sublime Klorane Polysianes SPF 50+ 200ml,7799075001335,"Protección solar sensorial SPF 50 y eco-responsable para el cuerpo. Posee una textura ultraligera, no grasa. Compuesto por Monoi de Tahití y Tamanu BIO que nutren, aportan protección antioxidante y reparan la piel durante la exposición solar. ","- Resistente al agua.
- Protege eficazmente de la radiación UV.
- Textura fluida , fresca e hidratante. 
- Efecto piel satinada. ","Antes de toda exposición solar, aplicar en cantidad
suficiente sobre rostro y/o cuerpo. Renovar
frecuentemente la aplicación para mantener la protección.","Compuesto por: Monoi de Tahití y Tamanu BIO (Hidratante y Reparador), Tinosorb M Tinosorb S UVAsorb HEB Parsol 1789 (Sistema fotoprotector), Fase Emoliente (Nutre y evita la deshidratación)",,,200 ml,*Spray sublimador *After sun * *Rostro *Cuerpo *Bronceado *Nutre *Protege *Repara *Bloqueador solar *Protector solar *UV *UVB *FPS *50 FPS
Fase 3,KLORANE,Spray Camomila,Spray Aclarante Klorane Camomila 100ml,7799075002264,"Spray aclarante que facilita el desenredo y aporta luminosida. Aclara el cabello de manera progresiva y natural. Se puede utilizar a partir de los 3 años, ideal para toda la familia.","-Aclarado progresivo y natural
-Facilita el desenredo
-Aporta luminosidad
-Para toda la familia, alta tolerancia pediátrica
-Niños a partir de los 3 años","Utilizar en cabello seco y/o húmedo.
Se puede utilizar de varias formas:
En todo el cabello para dar luminosidad, sobre los largos o 
en algunas mechas para lograr un efecto iluminador suave.","Extracto de Camomila (Alto contenido de apigenina, un pigmento amarillo con el poder de aclarar), Agentes de peinado (Desenredo y suavidad)",WATER (AQUA)*. PENTYLENE GLYCOL*. OLETH-10. GLYCERIN*. CHAMOMILLA RECUTITA (MATRICARIA) FLOWER EXTRACT (CHAMOMILLA RECUTITA FLOWER EXTRACT)*. VINEGAR (ACETUM)*. BEHENAMIDOPROPYL DIMETHYLAMINE*. CRAMBE ABYSSINICA SEED OIL*. FRAGRANCE (PARFUM). POLYQUATERNIUM-10. TOCOPHEROL,,100 ml,*Spray *Cabello *Pelo *Rubio *Natural *Volumen *Brillo *Suave *Natural *Reflejo dorado *Realza *Aclarante *Castaño
Fase 3,KLORANE,Acondicionador Cupuacu BIO,Acondicionador Nutritivo Klorane Cupuacu Bio 200ml,7799075001281,Acondicionador nutritivo para cabellos muy secos y dañados. Repara la fibra capilar y desenreda. ,"- 96%  ingredientes de origen  natural.
- Nutre y repara la fibra capilar 
- Protege al cabello de su deshidratación y
de las agresiones externas
-Apto Vegano: sin ingredientes de origen animal.
-Fórmula biodegradable.
- Tubo 50% reciclado","Aplicar en el cabello escurrido, dejar actuar unos minutos. Peinar y enjuagar.","Manteca de Cupuaçu (Repara la fibra. Nutre), Complejo de emolientes (aceite de coco) (Nutre en profundidad), Glicerina vegetal (Hidrata el cuero cabelludo), Agente de peinado y acondicionador (Desenreda, suaviza y evita la estática)","WATER (AQUA)*. GLYCOL PALMITATE*. CAPRYLIC/CAPRIC TRIGLYCERIDE*. COCOS NUCIFERA (COCONUT) OIL (COCOS NUCIFERA OIL)*. BEHENAMIDOPROPYL DIMETHYLAMINE*. CETEARYL ALCOHOL*. BEHENYL ALCOHOL*. GLYCERIN*. DICAPRYLYL CARBONATE*. BETAINE*. THEOBROMA GRANDIFLORUM SEED BUTTER*. 1,2-HEXANEDIOL. HELIANTHUS ANNUUS (SUNFLOWER) SEED OIL (HELIANTHUS ANNUUS SEED OIL)*. TOCOPHEROL*. BENZOIC ACID. CARAMEL*. CETEARYL GLUCOSIDE*. FRAGRANCE (PARFUM). GUAR HYDROXYPROPYLTRIMONIUM CHLORIDE. LACTIC ACID*

96 % de ingredientes naturales",,200 ml,*Bálsamo *Cabello *Pelo *Muy seco *Seco *Dañado *Flexibilidad *Suavidad *Nutre *Repara *Hidrata *Protege *Resistente *Acondicionador *Post shampoo *Refuerza *Fibra capilar *Desenreda
Fase 3,KLORANE,Spray Sublimador SPF 30,Spray Solar Sublime Klorane Polysianes SPF 30+ 200ml,7799075001359,"Protección solar sensorial SPF 30 y eco-responsable para el cuerpo. Compuesto por Monoi de Tahití y Tamanu BIO que nutren, aportan protección antioxidante y reparan la piel durante la exposición solar. ","-Protege eficazmente de la radiación UV
-Textura fluida , fresca e hidratante.
-Efecto piel satinada","Antes de toda exposición solar, aplicar en cantidad
suficiente sobre rostro y/o cuerpo. Renovar
frecuentemente la aplicación para mantener la protección.","Monoi de Tahití y Tamabu BIO (Hidratante y Reparador), Tinosorb M,Tinosorb S, UVAsorb HEB, Parsol 1789 (Sistema fotoprotector), Fase Emoliente (Nutre y evita la deshidratación)",WATER (AQUA). C12-15 ALKYL BENZOATE. DICAPRYLYL CARBONATE. GLYCERIN. METHYLENE BIS-BENZOTRIAZOLYL TETRAMETHYLBUTYLPHENOL [NANO]. BIS-ETHYLHEXYLOXYPHENOL METHOXYPHENYL TRIAZINE. DIETHYLHEXYL BUTAMIDO TRIAZONE. DIISOPROPYL ADIPATE. BUTYL METHOXYDIBENZOYLMETHANE. CETEARYL ISONONANOATE. LAURYL GLUCOSIDE. POLYGLYCERYL-2 DIPOLYHYDROXYSTEARATE. C10 -18 TRIGLYCERIDES. CALOPHYLLUM INOPHYLLUM SEED OIL. COCOS NUCIFERA (COCONUT) OIL (COCOS NUCIFERA OIL). GARDENIA TAITENSIS FLOWER. BENZOIC ACID. CAPRYLYL GLYCOL. CITRIC ACID. DECYL GLUCOSIDE. DISODIUM EDTA. FRAGRANCE (PARFUM). GLYCERYL BEHENATE. GLYCERYL DIBEHENATE. GLYCINE SOJA (SOYBEAN) OIL (GLYCINE SOJA OIL). POLYACRYLATE-13. POLYISOBUTENE. POLYSORBATE 20. PROPYLENE GLYCOL. SORBITAN ISOSTEARATE. TOCOPHEROL. TOCOPHERYL ACETATE. TRIBEHENIN. XANTHAN GUM,,200 ml,*Spray sublimador *After sun * *Rostro *Cuerpo *Bronceado *Nutre *Protege *Repara *Bloqueador solar *Protector solar *UV *UVB *FPS *30 FPS
Fase 3,KLORANE,Shampoo Cupuacu BIO,Shampoo Nutritivo Klorane Cupuacu Bio 400ml,7799075001304,Shampoo nutritivo para cabellos muy secos y dañados. Repara la fibra capilar. ,"- 83%  ingredientes de origen  natural
- Nutre y repara la fibra capilar 
- Protege al cabello de su deshidratación y
de las agresiones externas
-Apto Vegano: sin ingredientes de origen animal
-Fórmula biodegradable
- Frasco 100% reciclado y reciclable","Aplicar sobre el cuero cabelludo, masajear, dejar actuar 
unos minutos y enjuagar.","Manteca de Cupuaçu (Repara la fibra. Nutre), Complejo de emolientes (Nutre en profundidad), Tensioactivos suaves (Adecuados para cabello seco, respetan el ph del cuero cabelludo)
","WATER (AQUA)*. SODIUM TRIDECETH SULFATE. CAPRYLIC/CAPRIC TRIGLYCERIDE*. COCOS NUCIFERA (COCONUT) OIL (COCOS NUCIFERA OIL)*. SODIUM LAUROAMPHOACETATE. SODIUM CHLORIDE*. BEHENAMIDOPROPYL DIMETHYLAMINE*. GLYCERIN*. COCAMIDE MIPA*. CITRIC ACID*. THEOBROMA GRANDIFLORUM SEED BUTTER*. HELIANTHUS ANNUUS (SUNFLOWER) SEED OIL (HELIANTHUS ANNUUS SEED OIL)*. TOCOPHEROL*. CAPRYLYL GLYCOL. CARAMEL*. FRAGRANCE (PARFUM). HYDROXYPROPYL GUAR HYDROXYPROPYLTRIMONIUM CHLORIDE. RED 40 (CI 16035). SODIUM BENZOATE

83% de ingredientes naturales",Muy seco,400 ml,*Shampoo *Cabello *Pelo *Muy seco *Seco *Dañado *Flexibilidad *Suavidad *Nutre *Repara *Hidrata *Protege *Resistente
Fase 3,KLORANE,Shampoo Cupuacu BIO,Shampoo Nutritivo Klorane Cupuacu Bio 200ml,7799075001274,Shampoo nutritivo para cabellos muy secos y dañados. Repara la fibra capilar. ,"- 83%  ingredientes de origen  natural
- Nutre y repara la fibra capilar 
- Protege al cabello de su deshidratación y
de las agresiones externas
-Apto Vegano: sin ingredientes de origen animal
-Fórmula biodegradable
- Frasco 100% reciclado y reciclable","Aplicar sobre el cuero cabelludo, masajear, dejar actuar 
unos minutos y enjuagar.","Manteca de Cupuaçu (Repara la fibra. Nutre), Complejo de emolientes (Nutre en profundidad), Tensioactivos suaves (Adecuados para cabello seco, respetan el ph del cuero cabelludo)
","WATER (AQUA)*. SODIUM TRIDECETH SULFATE. CAPRYLIC/CAPRIC TRIGLYCERIDE*. COCOS NUCIFERA (COCONUT) OIL (COCOS NUCIFERA OIL)*. SODIUM LAUROAMPHOACETATE. SODIUM CHLORIDE*. BEHENAMIDOPROPYL DIMETHYLAMINE*. GLYCERIN*. COCAMIDE MIPA*. CITRIC ACID*. THEOBROMA GRANDIFLORUM SEED BUTTER*. HELIANTHUS ANNUUS (SUNFLOWER) SEED OIL (HELIANTHUS ANNUUS SEED OIL)*. TOCOPHEROL*. CAPRYLYL GLYCOL. CARAMEL*. FRAGRANCE (PARFUM). HYDROXYPROPYL GUAR HYDROXYPROPYLTRIMONIUM CHLORIDE. RED 40 (CI 16035). SODIUM BENZOATE

83% de ingredientes naturales",Muy seco,200 ml,*Shampoo *Cabello *Pelo *Muy seco *Seco *Dañado *Flexibilidad *Suavidad *Nutre *Repara *Hidrata *Protege *Resistente
Fase 3,KLORANE,Aceite SPF 30 ,Aceite Seco Protector Klorane Polysianes SPF 30+ 200ml,7799075001342,"Protección solar sensorial y eco-responsable para el cuerpo y cabello. Aceite seco SPF 30 de textura no grasa. Brinda un efecto piel satinada y sublima el bronceado al mismo tiempo que protege de los rayos UVA y UVB. Compuesto por Monoi de Tahití y Tamanu BIO que nutren, aportan protección antioxidante y reparan la piel durante la exposición solar. ","- Resistente al agua.
- Protege eficazmente de la radiación UV.
- Textura fluida , fresca e hidratante. 
- Efecto piel satinada. ","Antes de toda exposición solar, aplicar en cantidad suficiente sobre rostro y/o cuerpo. Renovar frecuentemente la aplicación para mantener la protección.","Monoi de Tahití y Tamabu BIO (Hidratante y Reparador), Uvasorb HEB Tinosorb S Parsol 1789 Salicilato de etilhexilo Etilhexil Triazona (Sistema fotoprotector), Fase emoliente (Nutre y evita la hidratación)",C12-15 ALKYL BENZOATE. DIISOPROPYL ADIPATE. COCO-CAPRYLATE. DICAPRYLYL CARBONATE. DIETHYLHEXYL BUTAMIDO TRIAZONE. ISODODECANE. BIS-ETHYLHEXYLOXYPHENOL METHOXYPHENYL TRIAZINE. BUTYL METHOXYDIBENZOYLMETHANE. ETHYLHEXYL SALICYLATE. ETHYLHEXYL TRIAZONE. FRAGRANCE (PARFUM). BIS-ETHYLHEXYL HYDROXYDIMETHOXY BENZYLMALONATE. CALOPHYLLUM INOPHYLLUM SEED OIL. COCOS NUCIFERA (COCONUT) OIL (COCOS NUCIFERA OIL). GARDENIA TAITENSIS FLOWER. GLYCINE SOJA (SOYBEAN) OIL (GLYCINE SOJA OIL). HELIANTHUS ANNUUS (SUNFLOWER) SEED OIL (HELIANTHUS ANNUUS SEED OIL). PEG-40 HYDROGENATED CASTOR OIL. TOCOPHEROL. TOCOPHERYL ACETATE,,200 ml,*Aceite sublimador *After sun * *Rostro *Cuerpo *Bronceado *Nutre *Protege *Repara *Bloqueador solar *Protector solar *UV *UVB *FPS *30 FPS
Fase 3,KLORANE,Gel Crema Solar Sublime,Gel Crema Solar Sublime Klorane Polysianes SPF 30+ 200ml,7799075001311,Protección solar sensorial y eco-responsable para el rostro y cuerpo. Gel Crema protector SPF 30.,"-Textura no grasa y no comedogénica
-Efecto iluminador
-Resistente al agua","Antes de toda exposición solar, aplicar en cantidad suficiente sobre rostro y/o cuerpo. Renovar frecuentemente 
la aplicación para mantenerla protección.","Monoi de Tahití y Tamabu BIO (Hidratante y Reparador), Tinosorb M Tinosorb S UVAsorb HEB Parsol 1789 (Sistema fotoprotector), Fase emoliente (Nutre y evita la deshidratación) Pigmentos iluminadores y polvo absorbente",WATER (AQUA). C12-15 ALKYL BENZOATE. DICAPRYLYL CARBONATE. METHYLENE BIS-BENZOTRIAZOLYL TETRAMETHYLBUTYLPHENOL [NANO]. DIISOPROPYL ADIPATE. BIS-ETHYLHEXYLOXYPHENOL METHOXYPHENYL TRIAZINE. CETEARYL ISONONANOATE. DIETHYLHEXYL BUTAMIDO TRIAZONE. GLYCERIN. BUTYL METHOXYDIBENZOYLMETHANE. POTASSIUM CETYL PHOSPHATE. SILICA. STEARYL ALCOHOL. VP/EICOSENE COPOLYMER. CALOPHYLLUM INOPHYLLUM SEED OIL. COCOS NUCIFERA (COCONUT) OIL (COCOS NUCIFERA OIL). GARDENIA TAITENSIS FLOWER. BENZOIC ACID. CAPRYLYL GLYCOL. CARBOMER. DECYL GLUCOSIDE. DISODIUM EDTA. FRAGRANCE (PARFUM). GLYCERYL BEHENATE. GLYCERYL DIBEHENATE. GLYCINE SOJA (SOYBEAN) OIL (GLYCINE SOJA OIL). IRON OXIDES (CI 77492) (CI 77491). MICA. POLYACRYLATE-13. POLYISOBUTENE. POLYSORBATE 20. PROPYLENE GLYCOL. SODIUM HYDROXIDE. SORBITAN ISOSTEARATE. TITANIUM DIOXIDE (CI 77891). TOCOPHEROL. TOCOPHERYL ACETATE. TRIBEHENIN. XANTHAN GUM,,200 ml,*Gel protector *Bloqueador solar *Protección solar *Rostro *Cuerpo *Nutre *Protege *Repara *Bloqueador solar *Protector solar *UV *UVB *FPS *30 FPS
Fase 3,KLORANE,Shampoo Anticaida Klorane Quinina x 100 ml,Shampoo Anticaida Klorane Quinina x 100 ml,7799075001939,Shampoo fortificante específico para el tratamiento contra la caída del cabello o para el cabello desvitalizado.,"Beneficios:
 80% ingredientes de origen natural
  Estimula el crecimiento, recupera la fuerza y el volúmen del pelo
  Apto Vegano: sin ingredientes de origen animal
  Base lavante suave sin sulfatos. 
  Fórmula biodegradable
  Apto uso para todo tipo de pelo","Aplicar sobre el cuero cabelludo, masajear, dejar 
  actuar unos minutos y enjuagar","Compuesto por: Quinina + Edelweiss BIO (Activa el crecimiento y disminuye la pérdida del cabello), Cafeína (Refuerza el anclaje del cabello.Extiende la fase de crecimiento), Biotina (Estimula la síntesis de energía), Base lavante suave, limpia sin agredir","WATER (AQUA)*. DISODIUM LAURETH SULFOSUCCINATE. PEG-120 METHYL GLUCOSE DIOLEATE. LAURYL BETAINE. LAURETH-3. MALEIC ACID. PEG-40 HYDROGENATED CASTOR OIL. CINCHONA SUCCIRUBRA BARK EXTRACT*. LEONTOPODIUM ALPINUM FLOWER/LEAF EXTRACT*. CAFFEINE. BIOTIN. NIACINAMIDE. PANTHENOL. ALCOHOL*. BLUE 1 (CI 42090). CAPRYLYL GLYCOL. CITRIC ACID*. FRAGRANCE (PARFUM). GLYCERIN*. GREEN 3 (CI 42053). PANTOLACTONE. POLYQUATERNIUM-22. POTASSIUM SORBATE. PYRIDOXINE HCL. RED 33 (CI 17200). SODIUM BENZOATE. SODIUM CHLORIDE. TOCOPHEROL. YELLOW 6 (CI 15985)

80% de ingredientes de origen natural",Frágil,100 ml,*Shampoo *Caída *Cabello *Pelo *Calvicie *Alopecia *Revitalizante *Vigoroso *Resistente *Hidratante *Suavizante *Fuerte
Fase 3,KLORANE,Serum Anticaida Klorane Quinina x 100 ml,Serum Anticaida Klorane Quinina x 100 ml,7799075001878,"Tratamiento para la caída reaccional
 Serum anticaída que fortalece el cabello, frena la caída y estimula el crecimiento.","Beneficios:
 98% ingredientes de origen natural
 Apto vegano: sin ingredientes de origen animal
 Fortalece el cabello
 Reduce la caída desde el 1er mes
 Estimula el crecimiento
 Fórmula apta para uso durante lactancia"," Aplicar 10 sprays sobre cuero cabelludo seco o húmedo 3 veces por semana. Masajear con la yema de los dedos para facilitar la penetración de los activos. 
  Resultados visibles después del 1° mes pero se recommienda un tratamiento de 3 meses. 
  1 Frasco = 3 meses de tratamiento","Compuesto por: Menthol (proporciona un alivio inmediato), Quinina (frena la caída del cabello), ORGANIC Edelweiss (estimula el crecimiento), Manganeso (estimula la microcirculación), Vitamina B (estimula la microcirculación y fortalece la fibra capilar), Cafeina (refuerza el cabello)",WATER (AQUA)*. ALCOHOL DENAT.*. GLYCERIN*. CINCHONA SUCCIRUBRA BARK EXTRACT*. LEONTOPODIUM ALPINUM FLOWER/LEAF EXTRACT*. MANGANESE PCA*. CAFFEINE. BIOTIN. NIACINAMIDE. PANTHENOL. MENTHOL. ALCOHOL*. CITRIC ACID*. FRAGRANCE (PARFUM). LIMONENE. PANTOLACTONE. PEG-40 HYDROGENATED CASTOR OIL. PPG-26-BUTETH-26. PYRIDOXINE HCL,"Frágil
Caída de cabello",100 ml,*Tratamiento Anti Caída *Cabello *Cuidado capilar *Cuidado del pelo *Fortalecedor *Serum *Quinina *Fortificante *Pelo *Hidratación *Nutrición *Pelo dañado *Reparador *Regenerador *Energizante *Crecimeinto capilar
Fase 2,KLORANE,Shampoo Purificante Klorane Cedrat x 400 ml,Shampoo Purificante Klorane Cedrat x 400 ml,7798095412411," Shampoo para cabellos con tendencia grasa. Regula el sebo y proporciona al cabello vigor, vitalidad y brillo.","Beneficios:
 86% de ingredientes de origen natural
 Apto Vegano: sin ingredientes de origen animal
 Purifica el cabello
 Regula el sebo
 Fórmula biodegradable
 Fórmula alta tolerancia
 100% reciclable y reciclado", Aplicar sobre el cabello húmedo y dar un masaje suave. Luego enjuagar. Una sola aplicación es suficiente.,Compuesto por: Pulpa de cidra (purifica y regula el sebo),WATER (AQUA)*. DISODIUM LAURETH SULFOSUCCINATE. DECYL GLUCOSIDE*. LAURYL BETAINE. CETEARETH-60 MYRISTYL GLYCOL. LACTIC ACID*. LAURETH-3. GLYCERYL LAURATE*. PENTYLENE GLYCOL*. CITRUS MEDICA VULGARIS FRUIT EXTRACT*. FRAGRANCE (PARFUM). GLUTAMIC ACID*. GLYCERIN*. HEXYL CINNAMAL. LIMONENE. MALEIC ACID. SODIUM BENZOATE. SODIUM CHLORIDE. SODIUM HYDROXIDE*. TRISODIUM ETHYLENEDIAMINE DISUCCINATE. YELLOW 5 (CI 19140),Graso,400 ml,*Shampoo *Cabello *Pelo *Graso *Seborregulador *Vigor *Brillo *Limpio
Fase 3,KLORANE,Shampoo Purificante Klorane Cedrat x 200 ml,Shampoo Purificante Klorane Cedrat x 200 ml,7798095411070," Shampoo para cabellos con tendencia grasa. Regula el sebo y proporciona al cabello vigor, vitalidad y brillo."," 86% de ingredientes de origen natural
 Apto Vegano: sin ingredientes de origen animal
 Purifica el cabello
 Regula el sebo
 Fórmula biodegradable
 Fórmula alta tolerancia
 100% reciclable y reciclado", Aplicar sobre el cabello húmedo y dar un masaje suave. Luego enjuagar. Una sola aplicación es suficiente.,Compuesto por: Pulpa de cidra (purifica y regula el sebo),WATER (AQUA)*. DISODIUM LAURETH SULFOSUCCINATE. DECYL GLUCOSIDE*. LAURYL BETAINE. CETEARETH-60 MYRISTYL GLYCOL. LACTIC ACID*. LAURETH-3. GLYCERYL LAURATE*. PENTYLENE GLYCOL*. CITRUS MEDICA VULGARIS FRUIT EXTRACT*. FRAGRANCE (PARFUM). GLUTAMIC ACID*. GLYCERIN*. HEXYL CINNAMAL. LIMONENE. MALEIC ACID. SODIUM BENZOATE. SODIUM CHLORIDE. SODIUM HYDROXIDE*. TRISODIUM ETHYLENEDIAMINE DISUCCINATE. YELLOW 5 (CI 19140),Graso,200 ml,*Shampoo *Cabello *Pelo *Graso *Seborregulador *Vigor *Brillo *Limpio
Fase 3,KLORANE,Shampoo Hidratante Klorane Leche de Almendras x 200 ml,Shampoo Hidratante Klorane Leche de Almendras x 200 ml,7798095410974," Shampoo de uso diario que aporta volumen al cabello, da cuerpo, proporciona suavidad y luminosidad."," Hidrata y refuerza la estructura del cabello
 Aporta suavidad y brillo
 Neutraliza la electricidad estática, frecuente en el caso del cabello fino."," Aplicar el shampoo sobre el cabello húmedo, dar un masaje suave y enjuagar. Un solo lavado es suficiente","Compuesto por: Extracto de almendras dulces (Nutre, da cuerpo al cabello), Lipopéptidos (Recubren el tallo piloso, aportan volumen).","WATER (AQUA), SODIUM LAURETH SULFATE, PRUNUS AMYGDALUS DULCIS (SWEET ALMOND) SEED EXTRACT (PRUNUS AMYGDALUS DULCIS SEED EXTRACT), PROPYLENE GLYCOL, DECYL GLUCOSIDE, LAURYL BETAINE, ACRYLATES COPOLYMER, PEG-7 GLYCERYL COCOATE, CETEARETH-60 MYRISTYL GLYCOL, CITRIC ACID, FRAGRANCE (PARFUM), GLYCOL PALMITATE, GLYCOL STEARATE, HYDROXYPROPYL GUAR HYDROXYPROPYLTRIMONIUM CHLORIDE, PHENOXYETHANOL, PRUNUS AMYGDALUS DULCIS (SWEET ALMOND) FRUIT EXTRACT (PRUNUS AMYGDALUS DULCIS FRUIT EXTRACT), SALICYLIC ACID, SODIUM BENZOATE, SODIUM CHLORIDE, SODIUM HYDROXIDE",Todo tipo,400 ml,*Shampoo *Cabello *Pelo *Delicado *Suavidad *Luminosidad *Desenreda *Suavidad *Brillo *Estática
Fase 1,KLORANE,Shampoo Seco de Avena,Shampoo Seco de Avena x 150 ml,7798095415504," Shampoo seco sin enjuague extra suave. Limpia con suavidad para devolver volumen, frescor y textura al cabello.
","- Limpia: la fórmula extra suave sin aclarado con leche de avena limpia el cuero cabelludo sin irritar la piel y elimina el exceso de sebo en 2 minutos.
- Aporta textura : con unas pocas pulverizaciones, devuelve el volumen y la textura al cabello sin necesidad de agua.
- Peina: un producto refrescante y potenciador de la belleza, nuestro Champú seco a la Leche de avena facilita la realización de cualquier peinado y favorece una fijación duradera.","Agitar el spray antes de utilizarlo. Pulverizar por secciones a 15 cm del cuero cabelludo y dejar actuar durante 2 minutos.
Cepillar bien o utilizar un secador para eliminar cualquier residuo.","Compuesto por:  Avena ( hidrata, suaviza y protege) y polvos absorventes (una mezcla exclusiva de polvos absorbentes de origen natural)",BUTANE. PROPANE. ORYZA SATIVA (RICE) STARCH (ORYZASATIVA STARCH). ISOBUTANE. ALCOHOL (ALCOHOL DENAT). ALUMINUM STARCH OCTENYLSUCCINATE. AVENA SATIVA (OAT) KERNEL OIL (AVENA SATIVA KERNEL OIL). CETRIMONIUM CHLORIDE. CYCLODEXTRIN. FRAGRANCE (PARFUM). ISOPROPYL MYRISTATE. SILICA,Todo tipo,150 ml,*Shampoo *Cabello *Pelo *Delicado *Suavidad *Shampoo seco *Volumen *Suavidad *Sin agua
Lanzamiento,KLORANE,Shampoo Seco de Avena y Ceramida Like,Shampoo Seco de Avena y Ceramida Like 150 ml,7798095415504,Shampoo seco sin enjuague extra suave. Limpia con suavidad y revitaliza todo tipo de cabello.,"- Limpia sin agua: Un shampoo seco que absorbe el exceso de sebo, la transpiración y los olores, y limpia suavemente el cuero cabelludo y el cabello recuperando su frescor como después de haber usado un shampoo con aclarado.
- Hidrata y calma: La Avena, se selecciona por su noble riqueza en hidratos de carbono, lípidos y vitaminas, así como por sus propiedades hidratantes, suavizantes y protectoras. 
- Protege la fibra capilar: protección duradera para todo tipo de cueros cabelludos y cabellos gracias a las propiedades protectoras de la Avena potenciadas por las Ceramidasᴸᴵᴷᴱ.","Agitar el champú seco antes de usarlo.
Pulverizar sección por sección a 15 cm del cuero cabelludo y dejar actuar durante 2 minutos.
Cepillar bien o utilizar un secador para eliminar los residuos.","Compuesto por:  Avena ( hidrata, suaviza y protege) y polvos absorventes (una mezcla exclusiva de polvos absorbentes de origen natural)","""BUTANE. PROPANE. ORYZA SATIVA (RICE) STARCH (ORYZA SATIVA STARCH)*. ISOBUTANE. ALCOHOL*. ZEA MAYS (CORN) STARCH (ZEA MAYS STARCH)*. AVENA SATIVA (OAT) SPROUT OIL (AVENA SATIVA SPROUT OIL)*. SODIUM DILAURAMIDOGLUTAMIDE LYSINE*. BUTYLENE GLYCOL*. CELLULOSE*. CYCLODEXTRIN*. FRAGRANCE (PARFUM). ISOPROPYL MYRISTATE*. MAGNESIUM STEARATE*. MICROCRYSTALLINE CELLULOSE*. WATER (AQUA)*
Polvos de origen 100% natural, 99% ingredientes de origen natural*""",Todo tipo,150 ml,*Shampoo *Cabello *Pelo *Delicado *Suavidad *Shampoo seco *Volumen *Suavidad *Sin agua
Lanzamiento,KLORANE,Serum Despertar Tonificante,Serum Despertar Tonificante Klorane Bleuet x 50 ml,7799075002141,"Sérum facial natural* al aciano BIO y ácido hialurónico refresca e hidrata la piel al instante.


*Formulado con un 97% de ingredientes de origen natural.","- 97% de ingredientes de origen natural
- Sin parabenos ni siliconas
- Apto vegano
- Fórmula de alta tolerancia
- Evase reciclado y reciclable","Aplicar sobre el rostro, cuello y contorno de ojos por la mañana, antes del Gel Crema de día para una piel radiante y bella.",Compuesto por: Ácido Hialurónico 100% vegetal (un reservorio natural de agua gracias a sus excepcionales propiedades higroscópicas. Esta molécula es capaz de aumentar 1000 veces su peso en agua y esparcirla dentro de la piel) y Aciano (un agua floral pura y segura con propiedades calmantes y descongestionantes.),"WATER (AQUA)*. GLYCERIN*. PROPANEDIOL*. BUTYLENE GLYCOL*. CENTAUREA CYANUS FLOWER WATER*. 1,2-HEXANEDIOL. ALCOHOL*. SODIUM DEXTRAN SULFATE. SODIUM HYALURONATE*. BETAINE*. CAPRYLYL GLYCOL. CITRIC ACID*. ETHYLHEXYLGLYCERIN. FRAGRANCE (PARFUM)*. LEONTOPODIUM ALPINUM FLOWER/LEAF EXTRACT*. POTASSIUM SORBATE. SCLEROTIUM GUM. SODIUM BENZOATE. SODIUM CITRATE*. TAPIOCA STARCH*. TOCOPHEROL

97% de ingredientes naturales",Todo tipo,50 ml,*Piel deshidratada *Serum *Hidratacion *vegano *alisa *tonifica *ilumina
Lanzamiento,KLORANE,Parches de ojos antifatiga,Parches de ojos antifatiga Klorane Bleuet x 7 u,7799075002158,"Parches para el contorno de los ojos que ayudan a alisar y reducir la apariencia de bolsas. 
En solo 15 minutos, revitalizan la mirada y descongestionan la zona.","- 99% de ingredientes de origen natural
- Sin parabenos ni siliconas
- Apto vegano
- Fórmula de alta tolerancia
- Envase con certificación FSC","Abrir el paquete y aplicar suavemente los parches bajo los ojos, empezando por la parte más estrecha del ángulo externo del ojo. Dejar actuar durante 15 minutos. Potencia a la acción de los parches dando ligeros toques en la zona con las yemas de los dedos.",Compuesto por: Ácido Hialurónico 100% vegetal (un reservorio natural de agua gracias a sus excepcionales propiedades higroscópicas. Esta molécula es capaz de aumentar 1000 veces su peso en agua y esparcirla dentro de la piel) y Aciano (un agua floral pura y segura con propiedades calmantes y descongestionantes.),WATER (AQUA)*. CAPRYLIC/CAPRIC TRIGLYCERIDE*. GLYCERIN*. PENTYLENE GLYCOL*. ALGIN*. CENTAUREA CYANUS FLOWER WATER*. SODIUM HYALURONATE*. BLUE 1 (CI 42090). BUTYLENE GLYCOL*. CALCIUM SULFATE HYDRATE*. HESPERIDIN METHYL CHALCONE. POLYGLYCERYL-4 CAPRATE*. SODIUM DEXTRAN SULFATE. TETRASODIUM GLUTAMATE DIACETATE. TETRASODIUM PYROPHOSPHATE. TOCOPHERYL ACETATE. XANTHAN GUM*,Todo tipo,7 un,*descongestionar *contorno de ojos *alisa *bolsas *ojeras *natural *hidrata
Lanzamiento,KLORANE,Gel Crema de Día ,Gel Crema de Día Klorane Bleuet x 50 ml,7799075002165,"Gel crema de día que hidrata, rellena e ilumina la piel. Ideal para pieles deshidratadas, brinda hidratación al instante por 24 hs. Con Ácido Hialurónico 100% vegetal y Flor de Aciano Bio. ","- 98% de ingredientes de origen natural
- Sin parabenos ni siliconas
- Apto vegano
- Fórmula de alta tolerancia
- Tarro de vidrio reciclable infinitamente.
- Caja de cartón fabricada con cartón procedente de bosques de gestión sostenible.","Aplicar por la mañana sobre la piel del rostro, cuello y contorno de los ojos siguiendo el ritual de masaje en 3 pasos:
1| DRENAR: efectuar pequeños movimientos circulares de la nariz hacia el mentón y de los labios hasta la sien.
2 | ALISAR: con las manos planas en las mejillas, presiona rodando la palma desde el centro de la cara hacia el exterior.
3 | ESTIMULAR: Dar pequeño toques a la cara con la yema de los dedos.
Para una piel mas hidratada y tonificada, aplica antes el Sérum Despertar Tonificante Klorane Bleuet.",Compuesto por: Ácido Hialurónico 100% vegetal (un reservorio natural de agua gracias a sus excepcionales propiedades higroscópicas. Esta molécula es capaz de aumentar 1000 veces su peso en agua y esparcirla dentro de la piel) y Aciano (un agua floral pura y segura con propiedades calmantes y descongestionantes.),"WATER (AQUA)*. GLYCERIN*. PROPANEDIOL*. BUTYLENE GLYCOL*. CENTAUREA CYANUS FLOWER WATER*. BETAINE*. SODIUM DEXTRAN SULFATE. SODIUM HYALURONATE*. 1,2-HEXANEDIOL. ACRYLATES/C10-30 ALKYL ACRYLATE CROSSPOLYMER. BLUE 1 (CI 42090). CAPRYLYL GLYCOL. CITRIC ACID*. FRAGRANCE (PARFUM)*. POTASSIUM HYDROXIDE*. SODIUM CITRATE*

98% de ingredientes de origen natural",Todo tipo,50 ml,*Hidratación *crema gel *piel luminosa *ácido hialurónico *deshidratada *facial *rellena *natural
Lanzamiento,KLORANE,Crema de Noche ,Crema Hidratante de Noche Klorane Bleuet x 50 ml,7799075002172,"Crema de noche que hidrata, rellena y regenera la piel durante el sueño. Con Ácido Hialurónico 100% vegetal y Sulfato de Dextrano.","- 96% de ingredientes de origen natural
- Sin parabenos ni siliconas
- Apto vegano
- Fórmula de alta tolerancia
- Tarro de vidrio reciclable infinitamente.
- Caja de cartón fabricada con cartón procedente de bosques de gestión sostenible.","Aplicar una capa fina sobre la piel limpia del rostro, cuello y la zona de los ojos por la noche.","Compuesto por: Ácido Hialurónico 100% vegetal (un reservorio natural de agua gracias a sus excepcionales propiedades higroscópicas. Esta molécula es capaz de aumentar 1000 veces su peso en agua y esparcirla dentro de la piel) y Sulfato de Dextrano (de origen natural, potente descongestionante)","WATER (AQUA)*. GLYCERIN*. PROPANEDIOL*. BUTYLENE GLYCOL*. CENTAUREA CYANUS FLOWER WATER*. SCLEROTIUM GUM. BETAINE*. SODIUM DEXTRAN SULFATE. SODIUM HYALURONATE*. 1,2-HEXANEDIOL. BLUE 1 (CI 42090). C12-20 ALKYL GLUCOSIDE*. C14-22 ALCOHOLS*. C9-12 ALKANE*. CAPRYLYL GLYCOL. CITRIC ACID*. COCO-CAPRYLATE/CAPRATE*. COCOS NUCIFERA (COCONUT) OIL (COCOS NUCIFERA OIL)*. CYANOCOBALAMIN. FRAGRANCE (PARFUM)*. HYDROXYETHYLCELLULOSE. ISOCETYL STEAROYL STEARATE*. LEONTOPODIUM ALPINUM FLOWER/LEAF EXTRACT*. POTASSIUM SORBATE. SODIUM BENZOATE. SODIUM CITRATE*

96% de ingredientes de origen natural",Todo tipo,50 ml,*Crema de noche *hidratación *descongestionante *regenera *rellena *piel suave *ácido hialurónico
Lanzamiento,KLORANE,Aceite Capilar,Aceite Capilar Klorane Con Protección Solar ,7799075002424,"Aceite Capilar Bio de Tamanu y Monoi para cuidar el cabello antes, durante y después de la exposición al sol. Su fórmula natural* incluye sólo 14 ingredientes esenciales, incluido un complejo de 4 aceites vegetales para nutrir y reparar el cabello. Un tratamiento de verano para aportar una protección natural contra los efectos nocivos del sol, la arena, la sal y el cloro. Los aceites orgánicos de Tamanu, Monoi, Pongamia y Girasol, ricos en ácidos grasos, aportan protección a la fibra capilar. Profundamente nutrido, el cabello está protegido de la desecación. La textura fluida y sensorial del Aceite Protector es de fácil aplicación gracias al formato en spray y facilita el desenredado después de la playa, dejando el cabello suave, brillante y perfumado.","- 95% de ingredientes de origen natural
- Sin parabenos ni siliconas
- Apto vegano
- Fórmula de alta tolerancia
- Resistente al agua",Rociar sobre el cabello o aplicar con las manos. Puede utilizarse sobre el cabello seco o húmedo. ,"Compuesto por: Monoi Tamanu (conocido como el oro verde del Pacífico y reconocido en la Polinesia por sus propiedades protectoras y regeneradoras . Nuestro monoï de Tahití con denominación de origen es la sutil unión de dos plantas de la costa de la Polinesia. Se obtiene empapando 12 capullos frescos de tiaré recogidos al amanecer, en aceite de copra refinado de la especie Cocos nucifera) ",TRIGLICÉRIDO CAPRÍLICO/CÁPRICO*. ALCOHOL DESNATURALIZADO.*. MIRISTATO DE ISOPROPILO*. ALCANO C9-12*. COCO-CAPRILATO/CAPRATO*. ÉTER DICAPRILILO*. ACEITE DE SEMILLA DE PONGAMIA GLABRA*. ACEITE DE SEMILLA DE HELIANTHUS ANNUUS (GIRASOL) (ACEITE DE SEMILLA DE HELIANTHUS ANNUUS)*. ACEITE DE COCOS NUCIFERA (COCO) (ACEITE DE COCOS NUCIFERA)*. FLOR DE GARDENIA TAITENSIS*. ACEITE DE SEMILLA DE CALOPHYLLUM INOPHYLLUM*. FRAGANCIA (PERFUME). ACEITE DE GLICINA SOJA (SOJA) (ACEITE DE GLICINA SOJA)*. TOCOFEROL,Todo tipo,100 ml,*AceiteCapilar *Proteccióncapilar *Nutrición ¨*Reparación *Spray 
Lanzamiento,KLORANE,Shampoo Solar Nutri-Reparador,Shampoo Solar Klorane Nutri-Reparador,7799075002400,Shampoo nutritivo al tamanu BIO y al monoï que protege y repara suavemente el cabello debilitado por el sol.,"- 84% de ingredientes de origen natural
- Sin parabenos ni siliconas
- Apto vegano
- Fórmula de alta tolerancia
- Envase reciclable con un 50% de PET.

- Fórmula biodegradable según la norma 301B de la OCDE.", Aplicar sobre el cabello húmedo y dar un masaje suave. Luego enjuagar. Una sola aplicación es suficiente.,"Compuesto por: Monoi Tamanu (conocido como el oro verde del Pacífico y reconocido en la Polinesia por sus propiedades protectoras y regeneradoras . Nuestro monoï de Tahití con denominación de origen es la sutil unión de dos plantas de la costa de la Polinesia. Se obtiene empapando 12 capullos frescos de tiaré recogidos al amanecer, en aceite de copra refinado de la especie Cocos nucifera) ",SODIUM LAUROYL METHYL ISETHIONATE. DECYL GLUCOSIDE. PRUNUS AMYGDALUS DULCIS (SWEET ALMOND) OIL (PRUNUS AMYGDALUS DULCIS OIL). DISODIUM LAURETH SULFOSUCCINATE. GLYCERIN. DISODIUM COCOAMPHODIACETATE. CETEARETH-60 MYRISTYL GLYCOL. CALOPHYLLUM INOPHYLLUM SEED OIL. COCOS NUCIFERA (COCONUT) OIL (COCOS NUCIFERA OIL). GARDENIA TAITENSIS FLOWER. ACRYLATES/C10-30 ALKYL ACRYLATE CROSSPOLYMER. CAPRYLYL GLYCOL. CARAMEL. FRAGRANCE (PARFUM). GLYCINE SOJA (SOYBEAN) OIL (GLYCINE SOJA OIL). HYDROXYPROPYL GUAR HYDROXYPROPYLTRIMONIUM CHLORIDE. LAURETH-3. LAURIC ACID. MALEIC ACID. PEG-30 DIPOLYHYDROXYSTEARATE. SODIUM BENZOATE. SODIUM CHLORIDE. SODIUM HYDROXIDE. SODIUM METHYL ISETHIONATE. TOCOPHEROL. TRIDECETH-6. TRISODIUM ETHYLENEDIAMINE DISUCCINATE. YELLOW 5 (CI 19140). YELLOW 6 (CI 15985). WATER (AQUA),Todo tipo,200 ml,*Shampoo *Reparación *Solar *Protecciónparapelo *Nutrición *Playa
Lanzamiento,KLORANE,Acondicionador Solar Nutri-Reparador,Acondicionador Solar Klorane Nutri-Reparador,7799075002417,Acondicionador nutritivo enriquecido con Tamanu BIO y Monoï para reparar y nutrir el cabello después de la exposición al sol.,"- 96% de ingredientes de origen natural
- Sin parabenos ni siliconas
- Apto vegano
- Fórmula de alta tolerancia
- Envase reciclable con un 55% de PET.

- Fórmula biodegradable según la norma 301B de la OCDE.","Aplicar en el cabello escurrido, dejar actuar unos minutos. Peinar y enjuagar.","Compuesto por: Monoi Tamanu (conocido como el oro verde del Pacífico y reconocido en la Polinesia por sus propiedades protectoras y regeneradoras . Nuestro monoï de Tahití con denominación de origen es la sutil unión de dos plantas de la costa de la Polinesia. Se obtiene empapando 12 capullos frescos de tiaré recogidos al amanecer, en aceite de copra refinado de la especie Cocos nucifera) ","GLYCOL PALMITATE. CAPRYLIC/CAPRIC TRIGLYCERIDE. COCOS NUCIFERA (COCONUT) OIL (COCOS NUCIFERA OIL)BEHENAMIDOPROPYL DIMETHYLAMINE. CETEARYL ALCOHOL. BEHENYL ALCOHOL. GLYCERIN. FRAGRANCE (PARFUM). CALOPHYLLUM INOPHYLLUM SEED OIL. GARDENIA TAITENSIS FLOWER. ARGININE HCL. BENZOIC ACID. CAPRYLYL GLYCOL. CETEARYL GLUCOSIDE. CITRIC ACID. GLYCINE SOJA (SOYBEAN) OIL (GLYCINE SOJA OIL). GLYCINE SOJA (SOYBEAN) SEEDCAKE EXTRACT (GLYCINE SOJA SEEDCAKE EXTRACT). GUAR HYDROXYPROPYLTRIMONIUM CHLORIDE. HYDROLYZED WHEAT PROTEIN. LACTIC ACID. LYSINE HCL. PROPYLENE GLYCOL. SODIUM BENZOATE. TOCOPHEROL. WATER (AQUA)

96% de ingredientes de origen natural",Todo tipo,200 ml,*Acondicionador *Reparación *Solar *Protecciónparapelo *Nutrición *Playa
